Timestamp,data_with_anomaly,Rain,anomaly
3/8/2023 13:00,2.293333333,0.0,0
3/8/2023 14:00,2.375,0.0,0
3/8/2023 15:00,2.521666667,0.0,0
3/8/2023 16:00,2.521666667,0.0,0
3/8/2023 17:00,2.54,0.0,0
3/8/2023 18:00,2.97,0.0,0
3/8/2023 19:00,2.94,0.0,0
3/8/2023 20:00,2.803333333,0.0,0
3/8/2023 21:00,2.866666667,0.0,0
3/8/2023 22:00,3.0,0.0,0
3/8/2023 23:00,2.75,0.0,0
3/9/2023 0:00,2.668333333,0.0,0
3/9/2023 1:00,2.46,0.0,0
3/9/2023 2:00,2.333333333,0.0,0
3/9/2023 3:00,2.2,0.0,0
3/9/2023 4:00,2.19,0.0,0
3/9/2023 5:00,2.25,0.0,0
3/9/2023 6:00,2.47,0.0,0
3/9/2023 7:00,2.793333333,0.0,0
3/9/2023 8:00,2.68,0.0,0
3/9/2023 9:00,2.61,0.0,0
3/9/2023 10:00,2.741666667,0.0,0
3/9/2023 11:00,2.678333333,0.0,0
3/9/2023 12:00,2.71,0.0,0
3/9/2023 13:00,2.656666667,0.0,0
3/9/2023 14:00,2.53,0.0,0
3/9/2023 15:00,2.616666667,0.0,0
3/9/2023 16:00,2.726,0.0,0
3/9/2023 17:00,2.826666667,0.0,0
3/9/2023 18:00,2.868333333,0.0,0
3/9/2023 19:00,3.063333333,0.0,0
3/9/2023 20:00,3.055,0.0,0
3/9/2023 21:00,3.18,0.0,0
3/9/2023 22:00,3.075,0.0,0
3/9/2023 23:00,2.888333333,0.0,0
3/10/2023 0:00,2.918333333,0.0,0
3/10/2023 1:00,2.74,0.0,0
3/10/2023 2:00,2.678,0.0,0
3/10/2023 3:00,2.66,0.0,0
3/10/2023 4:00,2.71,0.0,0
3/10/2023 5:00,2.648333333,0.0,0
3/10/2023 6:00,2.803333333,0.0,0
3/10/2023 7:00,2.92,0.0,0
3/10/2023 8:00,2.906666667,0.0,0
3/10/2023 9:00,2.952,0.0,0
3/10/2023 10:00,2.875,0.0,0
3/10/2023 11:00,2.98,0.0,0
3/10/2023 12:00,2.738,0.0,0
3/10/2023 13:00,2.668333333,0.0,0
3/10/2023 14:00,2.648333333,0.0,0
3/10/2023 15:00,2.541666667,0.0,0
3/10/2023 16:00,2.585,0.0,0
3/10/2023 17:00,2.5,0.0,0
3/10/2023 18:00,2.71,0.0,0
3/10/2023 19:00,2.803333333,0.0,0
3/10/2023 20:00,3.052,0.0,0
3/10/2023 21:00,2.721666667,0.0,0
3/10/2023 22:00,2.763333333,0.0,0
3/10/2023 23:00,2.628333333,0.0,0
3/11/2023 0:00,2.603333333,0.0,0
3/11/2023 1:00,2.44,0.0,0
3/11/2023 2:00,2.595,0.0,0
3/11/2023 3:00,2.353333333,0.0,0
3/11/2023 4:00,2.25,0.0,0
3/11/2023 5:00,2.366666667,0.0,0
3/11/2023 6:00,2.38,0.0,0
3/11/2023 7:00,2.38,0.0,0
3/11/2023 8:00,2.773333333,0.0,0
3/11/2023 9:00,3.012,0.0,0
3/11/2023 10:00,3.198333333,0.0,0
3/11/2023 11:00,2.912,0.0,0
3/11/2023 12:00,3.125,0.0,0
3/11/2023 13:00,2.938333333,0.0,0
3/11/2023 14:00,2.918333333,0.0,0
3/11/2023 15:00,2.718333333,0.0,0
3/11/2023 16:00,2.855,0.0,0
3/11/2023 17:00,2.815,0.0,0
3/11/2023 18:00,2.731666667,0.0,0
3/11/2023 19:00,2.69,0.0,0
3/11/2023 20:00,2.7,0.0,0
3/11/2023 21:00,2.654,0.0,0
3/11/2023 22:00,2.69,0.0,0
3/11/2023 23:00,2.813333333,0.0,0
3/12/2023 0:00,2.575,0.0,0
3/12/2023 1:00,2.47,0.0,0
3/12/2023 2:00,2.47,0.0,0
3/12/2023 3:00,2.44,0.0,0
3/12/2023 4:00,2.323333333,0.0,0
3/12/2023 5:00,2.402,0.0,0
3/12/2023 6:00,2.2675,0.0,0
3/12/2023 7:00,2.345,0.0,0
3/12/2023 8:00,2.541666667,0.0,0
3/12/2023 9:00,2.666666667,0.0,0
3/12/2023 10:00,2.833333333,0.0,0
3/12/2023 11:00,2.908333333,0.0,0
3/12/2023 12:00,3.14,0.0,0
3/12/2023 13:00,2.948333333,0.0,0
3/12/2023 14:00,2.926,0.0,0
3/12/2023 15:00,2.825,0.0,0
3/12/2023 16:00,2.652,0.0,0
3/12/2023 17:00,2.803333333,0.0,0
3/12/2023 18:00,2.73,0.0,0
3/12/2023 19:00,2.843333333,0.0,0
3/12/2023 20:00,2.656666667,0.0,0
3/12/2023 21:00,2.846666667,0.0,0
3/12/2023 22:00,2.7,0.0,0
3/12/2023 23:00,2.77,0.0,0
3/13/2023 0:00,2.615,0.0,0
3/13/2023 1:00,2.503333333,0.0,0
3/13/2023 2:00,2.388333333,0.0,0
3/13/2023 3:00,2.23,0.0,0
3/13/2023 4:00,2.24,0.0,0
3/13/2023 5:00,2.291666667,0.0,0
3/13/2023 6:00,2.378,0.0,0
3/13/2023 7:00,2.44,0.0,0
3/13/2023 8:00,2.46,0.0,0
3/13/2023 9:00,2.573333333,0.0,0
3/13/2023 10:00,2.72,0.0,0
3/13/2023 11:00,2.626666667,0.0,0
3/13/2023 12:00,2.801666667,0.0,0
3/13/2023 13:00,2.79,0.0,0
3/13/2023 14:00,2.735,0.0,0
3/13/2023 15:00,2.77,0.0,0
3/13/2023 16:00,2.678333333,0.0,0
3/13/2023 17:00,2.688333333,0.0,0
3/13/2023 18:00,2.718333333,0.0,0
3/13/2023 19:00,2.918333333,0.0,0
3/13/2023 20:00,2.815,0.0,0
3/13/2023 21:00,2.833333333,0.0,0
3/13/2023 22:00,2.803333333,0.0,0
3/13/2023 23:00,2.75,0.0,0
3/14/2023 0:00,2.63,0.0,0
3/14/2023 1:00,2.595,0.0,0
3/14/2023 2:00,2.491666667,0.0,0
3/14/2023 3:00,2.18,0.0,0
3/14/2023 4:00,2.18,0.0,0
3/14/2023 5:00,2.19,0.0,0
3/14/2023 6:00,2.2675,0.0,0
3/14/2023 7:00,2.45,0.0,0
3/14/2023 8:00,2.545,0.0,0
3/14/2023 9:00,2.491666667,0.0,0
3/14/2023 10:00,2.502,0.0,0
3/14/2023 11:00,2.728333333,0.0,0
3/14/2023 12:00,2.96,0.0,0
3/14/2023 13:00,2.7,0.0,0
3/14/2023 14:00,2.72,0.0,0
3/14/2023 15:00,2.8,0.0,0
3/14/2023 16:00,2.876666667,0.0,0
3/14/2023 17:00,2.823333333,0.0,0
3/14/2023 18:00,3.043333333,0.0,0
3/14/2023 19:00,2.958333333,0.0,0
3/14/2023 20:00,3.09,0.0,0
3/14/2023 21:00,3.041666667,0.0,0
3/14/2023 22:00,3.033333333,0.0,0
3/14/2023 23:00,2.896666667,0.0,0
3/15/2023 0:00,2.731666667,0.0,0
3/15/2023 1:00,2.626666667,0.0,0
3/15/2023 2:00,2.636666667,0.0,0
3/15/2023 3:00,2.551666667,0.0,0
3/15/2023 4:00,2.46,0.0,0
3/15/2023 5:00,2.314,0.0,0
3/15/2023 6:00,2.503333333,0.0,0
3/15/2023 7:00,2.49,0.0,0
3/15/2023 8:00,2.576,0.0,0
3/15/2023 9:00,2.606666667,0.0,0
3/15/2023 10:00,2.698,0.0,0
3/15/2023 11:00,2.75,0.0,0
3/15/2023 12:00,2.926666667,0.0,0
3/15/2023 13:00,2.771666667,0.0,0
3/15/2023 14:00,2.875,0.0,0
3/15/2023 15:00,2.958333333,0.0,0
3/15/2023 16:00,2.76,0.0,0
3/15/2023 17:00,2.7,0.0,0
3/15/2023 18:00,3.001666667,0.0,0
3/15/2023 19:00,2.875,0.0,0
3/15/2023 20:00,3.021666667,0.0,0
3/15/2023 21:00,3.106666667,0.0,0
3/15/2023 22:00,2.971666667,0.0,0
3/15/2023 23:00,2.803333333,0.0,0
3/16/2023 0:00,2.666666667,0.0,0
3/16/2023 1:00,2.6,0.0,0
3/16/2023 2:00,2.49,0.0,0
3/16/2023 3:00,2.44,0.0,0
3/16/2023 4:00,2.45,0.0,0
3/16/2023 5:00,2.488,0.0,0
3/16/2023 6:00,2.616,0.0,0
3/16/2023 7:00,2.795,0.0,0
3/16/2023 8:00,2.69,0.0,0
3/16/2023 9:00,2.71,0.0,0
3/16/2023 10:00,2.616666667,0.0,0
3/16/2023 11:00,2.845,0.0,0
3/16/2023 12:00,2.5825,0.0,0
3/16/2023 13:00,2.783333333,0.0,0
3/16/2023 14:00,2.605,0.0,0
3/16/2023 15:00,2.928333333,0.0,0
3/16/2023 16:00,2.7975,0.0,0
3/16/2023 17:00,3.155,0.0,0
3/16/2023 18:00,2.846666667,0.0,0
3/16/2023 19:00,3.033333333,0.0,0
3/16/2023 20:00,3.031666667,0.0,0
3/16/2023 21:00,2.926666667,0.0,0
3/16/2023 22:00,3.031666667,0.02,0
3/16/2023 23:00,2.811666667,0.0,0
3/17/2023 0:00,2.688333333,0.0,0
3/17/2023 1:00,2.68,0.0,0
3/17/2023 2:00,3.096666667,0.24,0
3/17/2023 3:00,4.866666667,0.08,0
3/17/2023 4:00,4.136666667,0.14,0
3/17/2023 5:00,5.178333333,0.02,0
3/17/2023 6:00,4.208333333,0.0,0
3/17/2023 7:00,3.781666667,0.0,0
3/17/2023 8:00,3.65,0.04,0
3/17/2023 9:00,3.774,0.0,0
3/17/2023 10:00,3.69,0.0,0
3/17/2023 11:00,3.636666667,0.0,0
3/17/2023 12:00,3.551666667,0.0,0
3/17/2023 13:00,3.44,0.0,0
3/17/2023 14:00,3.485,0.0,0
3/17/2023 15:00,3.39,0.0,0
3/17/2023 16:00,3.36,0.0,0
3/17/2023 17:00,3.27,0.0,0
3/17/2023 18:00,3.085,0.0,0
3/17/2023 19:00,3.075,0.0,0
3/17/2023 20:00,3.02,0.0,0
3/17/2023 21:00,2.97,0.0,0
3/17/2023 22:00,2.97,0.0,0
3/17/2023 23:00,2.856666667,0.0,0
3/18/2023 0:00,2.96,0.0,0
3/18/2023 1:00,2.66,0.0,0
3/18/2023 2:00,2.553333333,0.0,0
3/18/2023 3:00,2.583333333,0.0,0
3/18/2023 4:00,2.521666667,0.0,0
3/18/2023 5:00,2.552,0.0,0
3/18/2023 6:00,2.53,0.0,0
3/18/2023 7:00,2.536,0.0,0
3/18/2023 8:00,2.541666667,0.0,0
3/18/2023 9:00,2.7,0.0,0
3/18/2023 10:00,2.773333333,0.0,0
3/18/2023 11:00,2.886666667,0.0,0
3/18/2023 12:00,2.8,0.0,0
3/18/2023 13:00,2.868333333,0.0,0
3/18/2023 14:00,2.896666667,0.0,0
3/18/2023 15:00,2.866666667,0.0,0
3/18/2023 16:00,2.825,0.0,0
3/18/2023 17:00,2.776,0.0,0
3/18/2023 18:00,2.75,0.0,0
3/18/2023 19:00,2.72,0.0,0
3/18/2023 20:00,2.73,0.0,0
3/18/2023 21:00,2.791666667,0.0,0
3/18/2023 22:00,2.721666667,0.0,0
3/18/2023 23:00,2.688333333,0.0,0
3/19/2023 0:00,2.638333333,0.0,0
3/19/2023 1:00,2.791666667,0.0,0
3/19/2023 2:00,2.6,0.0,0
3/19/2023 3:00,2.396666667,0.0,0
3/19/2023 4:00,2.3,0.0,0
3/19/2023 5:00,2.226,0.0,0
3/19/2023 6:00,2.24,0.0,0
3/19/2023 7:00,2.238,0.0,0
3/19/2023 8:00,2.336666667,0.0,0
3/19/2023 9:00,2.464,0.0,0
3/19/2023 10:00,4.193723254135416,0.0,1
3/19/2023 11:00,4.273246390701921,0.0,1
3/19/2023 12:00,5.5184027453904,0.0,1
3/19/2023 13:00,3.8648398675852573,0.0,1
3/19/2023 14:00,2.69,0.0,0
3/19/2023 15:00,2.936666667,0.0,0
3/19/2023 16:00,2.814,0.0,0
3/19/2023 17:00,2.813333333,0.0,0
3/19/2023 18:00,2.71,0.0,0
3/19/2023 19:00,2.811666667,0.0,0
3/19/2023 20:00,2.74,0.0,0
3/19/2023 21:00,3.253333333,0.0,0
3/19/2023 22:00,3.02,0.0,0
3/19/2023 23:00,2.96,0.0,0
3/20/2023 0:00,2.761666667,0.0,0
3/20/2023 1:00,2.48,0.0,0
3/20/2023 2:00,2.323333333,0.0,0
3/20/2023 3:00,2.28,0.0,0
3/20/2023 4:00,2.19,0.0,0
3/20/2023 5:00,2.22,0.0,0
3/20/2023 6:00,2.398333333,0.0,0
3/20/2023 7:00,2.688333333,0.0,0
3/20/2023 8:00,2.72,0.0,0
3/20/2023 9:00,2.69,0.0,0
3/20/2023 10:00,2.67,0.0,0
3/20/2023 11:00,2.74,0.0,0
3/20/2023 12:00,2.74,0.0,0
3/20/2023 13:00,2.721666667,0.0,0
3/20/2023 14:00,2.835,0.0,0
3/20/2023 15:00,2.73,0.0,0
3/20/2023 16:00,2.85,0.0,0
3/20/2023 17:00,2.705,0.0,0
3/20/2023 18:00,2.646666667,0.0,0
3/20/2023 19:00,2.748333333,0.0,0
3/20/2023 20:00,2.948333333,0.0,0
3/20/2023 21:00,3.04,0.0,0
3/20/2023 22:00,2.89,0.0,0
3/20/2023 23:00,2.926666667,0.0,0
3/21/2023 0:00,2.614,0.0,0
3/21/2023 1:00,2.606666667,0.0,0
3/21/2023 2:00,2.376666667,0.0,0
3/21/2023 3:00,2.363333333,0.0,0
3/21/2023 4:00,2.376,0.0,0
3/21/2023 5:00,2.335,0.0,0
3/21/2023 6:00,2.46,0.0,0
3/21/2023 7:00,2.762,0.0,0
3/21/2023 8:00,2.732857143,0.0,0
3/21/2023 9:00,2.5775,0.0,0
3/21/2023 10:00,2.623333333,0.0,0
3/21/2023 11:00,2.638,0.0,0
3/21/2023 12:00,2.666666667,0.0,0
3/21/2023 13:00,2.843333333,0.0,0
3/21/2023 14:00,2.76,0.0,0
3/21/2023 15:00,2.72,0.0,0
3/21/2023 16:00,2.6575,0.0,0
3/21/2023 17:00,2.688333333,0.0,0
3/21/2023 18:00,2.801666667,0.0,0
3/21/2023 19:00,2.916666667,0.0,0
3/21/2023 20:00,2.948333333,0.0,0
3/21/2023 21:00,3.135,0.0,0
3/21/2023 22:00,2.96,0.0,0
3/21/2023 23:00,2.793333333,0.0,0
3/22/2023 0:00,2.595,0.0,0
3/22/2023 1:00,2.698333333,0.0,0
3/22/2023 2:00,2.355,0.0,0
3/22/2023 3:00,2.31,0.0,0
3/22/2023 4:00,2.23,0.0,0
3/22/2023 5:00,2.19,0.0,0
3/22/2023 6:00,2.408333333,0.0,0
3/22/2023 7:00,2.823333333,0.0,0
3/22/2023 8:00,2.76,0.0,0
3/22/2023 9:00,2.588,0.0,0
3/22/2023 10:00,2.95,0.0,0
3/22/2023 11:00,2.751666667,0.0,0
3/22/2023 12:00,2.791666667,0.0,0
3/22/2023 13:00,3.085,0.0,0
3/22/2023 14:00,3.02,0.0,0
3/22/2023 15:00,2.813333333,0.0,0
3/22/2023 16:00,3.21,0.0,0
3/22/2023 17:00,2.75,0.0,0
3/22/2023 18:00,2.71,0.0,0
3/22/2023 19:00,2.825,0.0,0
3/22/2023 20:00,3.031666667,0.0,0
3/22/2023 21:00,3.115,0.0,0
3/22/2023 22:00,2.875,0.0,0
3/22/2023 23:00,2.761666667,0.0,0
3/23/2023 0:00,2.543333333,0.0,0
3/23/2023 1:00,2.44,0.0,0
3/23/2023 2:00,2.416,0.0,0
3/23/2023 3:00,2.24,0.0,0
3/23/2023 4:00,2.24,0.0,0
3/23/2023 5:00,2.226,0.0,0
3/23/2023 6:00,2.48,0.0,0
3/23/2023 7:00,2.856666667,0.0,0
3/23/2023 8:00,2.885,0.0,0
3/23/2023 9:00,2.718333333,0.0,0
3/23/2023 10:00,2.761666667,0.0,0
3/23/2023 11:00,2.8475,0.0,0
3/23/2023 12:00,2.688333333,0.0,0
3/23/2023 13:00,2.918333333,0.0,0
3/23/2023 14:00,2.801666667,0.0,0
3/23/2023 15:00,2.925,0.0,0
3/23/2023 16:00,3.174,0.0,0
3/23/2023 17:00,2.606666667,0.0,0
3/23/2023 18:00,2.655,0.0,0
3/23/2023 19:00,2.94,0.0,0
3/23/2023 20:00,2.811666667,0.0,0
3/23/2023 21:00,3.062,0.0,0
3/23/2023 22:00,2.98,0.0,0
3/23/2023 23:00,2.69,0.0,0
3/24/2023 0:00,2.668333333,0.0,0
3/24/2023 1:00,2.531666667,0.0,0
3/24/2023 2:00,2.355,0.0,0
3/24/2023 3:00,2.18,0.0,0
3/24/2023 4:00,2.18,0.0,0
3/24/2023 5:00,2.19,0.0,0
3/24/2023 6:00,2.363333333,0.0,0
3/24/2023 7:00,2.855,0.0,0
3/24/2023 8:00,2.93,0.0,0
3/24/2023 9:00,2.7,0.0,0
3/24/2023 10:00,2.66,0.0,0
3/24/2023 11:00,2.711666667,0.0,0
3/24/2023 12:00,3.158333333,0.0,0
3/24/2023 13:00,3.0,0.02,0
3/24/2023 14:00,2.96,0.04,0
3/24/2023 15:00,2.936666667,0.0,0
3/24/2023 16:00,2.811666667,0.0,0
3/24/2023 17:00,2.678333333,0.0,0
3/24/2023 18:00,2.751666667,0.0,0
3/24/2023 19:00,4.208237584940683,0.0,1
3/24/2023 20:00,2.993333333,0.0,0
3/24/2023 21:00,2.98,0.0,0
3/24/2023 22:00,2.856666667,0.0,0
3/24/2023 23:00,2.865,0.0,0
3/25/2023 0:00,2.701666667,0.0,0
3/25/2023 1:00,2.52,0.0,0
3/25/2023 2:00,2.526,0.0,0
3/25/2023 3:00,2.39,0.0,0
3/25/2023 4:00,2.45,0.0,0
3/25/2023 5:00,2.4,0.0,0
3/25/2023 6:00,2.4,0.0,0
3/25/2023 7:00,2.5,0.0,0
3/25/2023 8:00,2.783333333,0.0,0
3/25/2023 9:00,3.078,0.0,0
3/25/2023 10:00,2.773333333,0.0,0
3/25/2023 11:00,2.938333333,0.0,0
3/25/2023 12:00,2.951666667,0.0,0
3/25/2023 13:00,2.8,0.0,0
3/25/2023 14:00,2.76,0.0,0
3/25/2023 15:00,2.8275,0.0,0
3/25/2023 16:00,2.625,0.0,0
3/25/2023 17:00,3.053333333,0.0,0
3/25/2023 18:00,2.865,0.0,0
3/25/2023 19:00,2.865,0.0,0
3/25/2023 20:00,2.678333333,0.0,0
3/25/2023 21:00,2.71,0.0,0
3/25/2023 22:00,2.615,0.0,0
3/25/2023 23:00,2.761666667,0.0,0
3/26/2023 0:00,2.616666667,0.0,0
3/26/2023 1:00,2.45,0.0,0
3/26/2023 2:00,2.47,0.0,0
3/26/2023 3:00,2.356666667,0.0,0
3/26/2023 4:00,2.262,0.0,0
3/26/2023 5:00,2.26,0.0,0
3/26/2023 6:00,2.28,0.0,0
3/26/2023 7:00,2.265,0.0,0
3/26/2023 8:00,2.471666667,0.0,0
3/26/2023 9:00,2.583333333,0.0,0
3/26/2023 10:00,2.71,0.0,0
3/26/2023 11:00,2.771666667,0.02,0
3/26/2023 12:00,2.96,0.0,0
3/26/2023 13:00,2.981666667,0.0,0
3/26/2023 14:00,3.021666667,0.0,0
3/26/2023 15:00,2.94,0.0,0
3/26/2023 16:00,3.025,0.0,0
3/26/2023 17:00,3.001666667,0.0,0
3/26/2023 18:00,2.791666667,0.0,0
3/26/2023 19:00,3.085,0.0,0
3/26/2023 20:00,2.888333333,0.0,0
3/26/2023 21:00,2.788,0.0,0
3/26/2023 22:00,3.136666667,0.0,0
3/26/2023 23:00,3.013333333,0.0,0
3/27/2023 0:00,2.676666667,0.0,0
3/27/2023 1:00,2.71,0.0,0
3/27/2023 2:00,2.428333333,0.0,0
3/27/2023 3:00,2.262,0.0,0
3/27/2023 4:00,2.226,0.0,0
3/27/2023 5:00,2.274,0.0,0
3/27/2023 6:00,2.498333333,0.0,0
3/27/2023 7:00,2.823333333,0.0,0
3/27/2023 8:00,2.791666667,0.0,0
3/27/2023 9:00,2.702,0.0,0
3/27/2023 10:00,2.626666667,0.0,0
3/27/2023 11:00,2.74,0.0,0
3/27/2023 12:00,2.72,0.0,0
3/27/2023 13:00,3.0,0.0,0
3/27/2023 14:00,2.94,0.0,0
3/27/2023 15:00,2.938333333,0.0,0
3/27/2023 16:00,3.083333333,0.0,0
3/27/2023 17:00,2.7,0.0,0
3/27/2023 18:00,2.856666667,0.0,0
3/27/2023 19:00,2.918333333,0.0,0
3/27/2023 20:00,3.136666667,0.0,0
3/27/2023 21:00,3.033333333,0.0,0
3/27/2023 22:00,3.126666667,0.0,0
3/27/2023 23:00,2.99,0.06,0
3/28/2023 0:00,2.741666667,0.0,0
3/28/2023 1:00,2.646666667,0.0,0
3/28/2023 2:00,2.511666667,0.0,0
3/28/2023 3:00,2.39,0.0,0
3/28/2023 4:00,2.42,0.0,0
3/28/2023 5:00,2.355,0.0,0
3/28/2023 6:00,2.514,0.0,0
3/28/2023 7:00,2.914,0.0,0
3/28/2023 8:00,4.971744261767445,0.0,1
3/28/2023 9:00,2.845,0.0,0
3/28/2023 10:00,2.865,0.0,0
3/28/2023 11:00,2.731666667,0.0,0
3/28/2023 12:00,2.813333333,0.0,0
3/28/2023 13:00,2.874,0.0,0
3/28/2023 14:00,2.895,0.0,0
3/28/2023 15:00,2.702,0.0,0
3/28/2023 16:00,2.823333333,0.0,0
3/28/2023 17:00,2.668333333,0.0,0
3/28/2023 18:00,2.751666667,0.0,0
3/28/2023 19:00,3.396666667,0.0,0
3/28/2023 20:00,2.97,0.0,0
3/28/2023 21:00,3.126666667,0.0,0
3/28/2023 22:00,3.2,0.0,0
3/28/2023 23:00,2.902,0.0,0
3/29/2023 0:00,2.741666667,0.0,0
3/29/2023 1:00,2.676666667,0.0,0
3/29/2023 2:00,2.428333333,0.0,0
3/29/2023 3:00,2.385,0.0,0
3/29/2023 4:00,2.46,0.0,0
3/29/2023 5:00,2.426,0.0,0
3/29/2023 6:00,2.583333333,0.0,0
3/29/2023 7:00,2.813333333,0.0,0
3/29/2023 8:00,2.698333333,0.0,0
3/29/2023 9:00,2.636666667,0.0,0
3/29/2023 10:00,2.838,0.0,0
3/29/2023 11:00,3.001666667,0.0,0
3/29/2023 12:00,2.928333333,0.0,0
3/29/2023 13:00,2.662,0.0,0
3/29/2023 14:00,2.74,0.0,0
3/29/2023 15:00,2.776,0.0,0
3/29/2023 16:00,2.618333333,0.0,0
3/29/2023 17:00,2.678333333,0.0,0
3/29/2023 18:00,3.17,0.0,0
3/29/2023 19:00,2.761666667,0.0,0
3/29/2023 20:00,2.801666667,0.0,0
3/29/2023 21:00,2.926666667,0.0,0
3/29/2023 22:00,2.948333333,0.0,0
3/29/2023 23:00,2.825,0.0,0
3/30/2023 0:00,2.75,0.0,0
3/30/2023 1:00,2.524,0.0,0
3/30/2023 2:00,2.41,0.0,0
3/30/2023 3:00,2.49,0.0,0
3/30/2023 4:00,2.476,0.0,0
3/30/2023 5:00,2.52,0.0,0
3/30/2023 6:00,2.574,0.0,0
3/30/2023 7:00,2.825,0.0,0
3/30/2023 8:00,2.771666667,0.0,0
3/30/2023 9:00,2.595,0.0,0
3/30/2023 10:00,2.636666667,0.0,0
3/30/2023 11:00,2.751666667,0.0,0
3/30/2023 12:00,2.926,0.0,0
3/30/2023 13:00,2.636666667,0.0,0
3/30/2023 14:00,2.678333333,0.0,0
3/30/2023 15:00,2.853333333,0.0,0
3/30/2023 16:00,3.8273698141318286,0.0,1
3/30/2023 17:00,5.107025649982508,0.0,1
3/30/2023 18:00,4.428738500502079,0.0,1
3/30/2023 19:00,2.793333333,0.0,0
3/30/2023 20:00,2.875,0.0,0
3/30/2023 21:00,2.98,0.0,0
3/30/2023 22:00,3.146666667,0.0,0
3/30/2023 23:00,2.938333333,0.0,0
3/31/2023 0:00,2.76,0.0,0
3/31/2023 1:00,2.738,0.0,0
3/31/2023 2:00,2.428333333,0.0,0
3/31/2023 3:00,2.281666667,0.0,0
3/31/2023 4:00,2.356666667,0.0,0
3/31/2023 5:00,2.31,0.0,0
3/31/2023 6:00,2.585,0.0,0
3/31/2023 7:00,2.731666667,0.0,0
3/31/2023 8:00,2.825,0.0,0
3/31/2023 9:00,2.78,0.0,0
3/31/2023 10:00,2.726,0.0,0
3/31/2023 11:00,2.918333333,0.0,0
3/31/2023 12:00,2.926,0.0,0
3/31/2023 13:00,3.0,0.0,0
3/31/2023 14:00,3.115,0.0,0
3/31/2023 15:00,2.964,0.0,0
3/31/2023 16:00,2.855,0.0,0
3/31/2023 17:00,2.916666667,0.0,0
3/31/2023 18:00,3.355,0.0,0
3/31/2023 19:00,2.958333333,0.0,0
3/31/2023 20:00,2.73,0.0,0
3/31/2023 21:00,2.914,0.0,0
3/31/2023 22:00,2.876666667,0.0,0
3/31/2023 23:00,2.876666667,0.0,0
4/1/2023 0:00,2.938333333,0.0,0
4/1/2023 1:00,2.67,0.0,0
4/1/2023 2:00,2.563333333,0.0,0
4/1/2023 3:00,2.313333333,0.0,0
4/1/2023 4:00,2.28,0.0,0
4/1/2023 5:00,2.27,0.0,0
4/1/2023 6:00,2.324,0.0,0
4/1/2023 7:00,2.51,0.0,0
4/1/2023 8:00,2.6875,0.0,0
4/1/2023 9:00,2.731666667,0.0,0
4/1/2023 10:00,2.868333333,0.0,0
4/1/2023 11:00,2.855,0.0,0
4/1/2023 12:00,2.906666667,0.0,0
4/1/2023 13:00,2.916666667,0.0,0
4/1/2023 14:00,2.664,0.0,0
4/1/2023 15:00,2.678333333,0.0,0
4/1/2023 16:00,3.0,0.0,0
4/1/2023 17:00,2.763333333,0.0,0
4/1/2023 18:00,2.801666667,0.0,0
4/1/2023 19:00,2.771666667,0.0,0
4/1/2023 20:00,2.856666667,0.0,0
4/1/2023 21:00,2.726,0.0,0
4/1/2023 22:00,2.76,0.0,0
4/1/2023 23:00,2.67,0.0,0
4/2/2023 0:00,2.68,0.0,0
4/2/2023 1:00,2.714,0.0,0
4/2/2023 2:00,2.44,0.0,0
4/2/2023 3:00,2.5,0.0,0
4/2/2023 4:00,2.388,0.0,0
4/2/2023 5:00,2.303333333,0.0,0
4/2/2023 6:00,2.386666667,0.0,0
4/2/2023 7:00,2.27,0.0,0
4/2/2023 8:00,2.478,0.0,0
4/2/2023 9:00,2.73,0.0,0
4/2/2023 10:00,2.718333333,0.0,0
4/2/2023 11:00,3.064,0.0,0
4/2/2023 12:00,2.783333333,0.0,0
4/2/2023 13:00,3.083333333,0.0,0
4/2/2023 14:00,3.063333333,0.0,0
4/2/2023 15:00,3.051666667,0.0,0
4/2/2023 16:00,2.856666667,0.0,0
4/2/2023 17:00,2.96,0.0,0
4/2/2023 18:00,2.904,0.0,0
4/2/2023 19:00,2.865,0.0,0
4/2/2023 20:00,2.886666667,0.0,0
4/2/2023 21:00,3.198333333,0.0,0
4/2/2023 22:00,3.085,0.0,0
4/2/2023 23:00,2.865,0.0,0
4/3/2023 0:00,2.72,0.0,0
4/3/2023 1:00,2.575,0.0,0
4/3/2023 2:00,2.366,0.0,0
4/3/2023 3:00,2.35,0.0,0
4/3/2023 4:00,2.26,0.0,0
4/3/2023 5:00,2.281666667,0.0,0
4/3/2023 6:00,2.578,0.0,0
4/3/2023 7:00,2.68,0.0,0
4/3/2023 8:00,2.783333333,0.0,0
4/3/2023 9:00,2.783333333,0.0,0
4/3/2023 10:00,2.795,0.0,0
4/3/2023 11:00,2.845,0.0,0
4/3/2023 12:00,3.04,0.0,0
4/3/2023 13:00,2.95,0.0,0
4/3/2023 14:00,2.78,0.0,0
4/3/2023 15:00,2.835,0.0,0
4/3/2023 16:00,2.783333333,0.0,0
4/3/2023 17:00,2.731666667,0.0,0
4/3/2023 18:00,2.771666667,0.0,0
4/3/2023 19:00,3.055,0.0,0
4/3/2023 20:00,2.88,0.0,0
4/3/2023 21:00,3.033333333,0.0,0
4/3/2023 22:00,3.065,0.0,0
4/3/2023 23:00,2.896666667,0.0,0
4/4/2023 0:00,2.68,0.0,0
4/4/2023 1:00,2.606666667,0.0,0
4/4/2023 2:00,2.406666667,0.0,0
4/4/2023 3:00,2.365,0.0,0
4/4/2023 4:00,2.395,0.0,0
4/4/2023 5:00,2.273333333,0.0,0
4/4/2023 6:00,2.678333333,0.0,0
4/4/2023 7:00,2.914,0.0,0
4/4/2023 8:00,2.958333333,0.0,0
4/4/2023 9:00,2.896666667,0.0,0
4/4/2023 10:00,2.776,0.0,0
4/4/2023 11:00,2.605,0.0,0
4/4/2023 12:00,2.865,0.0,0
4/4/2023 13:00,2.66,0.0,0
4/4/2023 14:00,2.812,0.0,0
4/4/2023 15:00,2.7,0.0,0
4/4/2023 16:00,2.625,0.0,0
4/4/2023 17:00,3.093333333,0.0,0
4/4/2023 18:00,2.66,0.0,0
4/4/2023 19:00,3.011666667,0.0,0
4/4/2023 20:00,2.92,0.0,0
4/4/2023 21:00,2.96,0.0,0
4/4/2023 22:00,3.095,0.0,0
4/4/2023 23:00,2.875,0.0,0
4/5/2023 0:00,2.664,0.0,0
4/5/2023 1:00,2.69,0.0,0
4/5/2023 2:00,2.48,0.0,0
4/5/2023 3:00,2.335,0.0,0
4/5/2023 4:00,2.214,0.0,0
4/5/2023 5:00,2.2,0.0,0
4/5/2023 6:00,2.364,0.0,0
4/5/2023 7:00,2.905,0.0,0
4/5/2023 8:00,2.73,0.0,0
4/5/2023 9:00,2.77,0.0,0
4/5/2023 10:00,3.098,0.0,0
4/5/2023 11:00,2.78,0.0,0
4/5/2023 12:00,2.74,0.0,0
4/5/2023 13:00,2.678333333,0.0,0
4/5/2023 14:00,2.541666667,0.02,0
4/5/2023 15:00,3.2,0.04,0
4/5/2023 16:00,3.21,0.0,0
4/5/2023 17:00,2.981666667,0.0,0
4/5/2023 18:00,3.025,0.02,0
4/5/2023 19:00,2.99,0.02,0
4/5/2023 20:00,3.138333333,0.02,0
4/5/2023 21:00,3.658333333,0.0,0
4/5/2023 22:00,3.238,0.0,0
4/5/2023 23:00,2.97,0.0,0
4/6/2023 0:00,2.761666667,0.0,0
4/6/2023 1:00,2.635,0.0,0
4/6/2023 2:00,2.49,0.0,0
4/6/2023 3:00,2.392,0.0,0
4/6/2023 4:00,2.41,0.0,0
4/6/2023 5:00,2.4,0.0,0
4/6/2023 6:00,2.826,0.0,0
4/6/2023 7:00,3.148333333,0.0,0
4/6/2023 8:00,3.214,0.0,0
4/6/2023 9:00,2.751666667,0.0,0
4/6/2023 10:00,2.928333333,0.0,0
4/6/2023 11:00,2.783333333,0.0,0
4/6/2023 12:00,2.638333333,0.02,0
4/6/2023 13:00,2.73,0.0,0
4/6/2023 14:00,2.75,0.0,0
4/6/2023 15:00,2.751666667,0.04,0
4/6/2023 16:00,2.823333333,0.0,0
4/6/2023 17:00,2.898333333,0.0,0
4/6/2023 18:00,3.146666667,0.02,0
4/6/2023 19:00,3.625,0.0,0
4/6/2023 20:00,3.23,0.0,0
4/6/2023 21:00,3.17,0.0,0
4/6/2023 22:00,2.918333333,0.06,0
4/6/2023 23:00,3.801666667,0.0,0
4/7/2023 0:00,3.638333333,0.02,0
4/7/2023 1:00,3.981666667,0.12,0
4/7/2023 2:00,8.835,0.16,0
4/7/2023 3:00,11.395,0.04,0
4/7/2023 4:00,7.271666667,0.0,0
4/7/2023 5:00,5.938,0.0,0
4/7/2023 6:00,5.065,0.0,0
4/7/2023 7:00,4.335,0.0,0
4/7/2023 8:00,4.11,0.02,0
4/7/2023 9:00,3.98,0.0,0
4/7/2023 10:00,3.845,0.0,0
4/7/2023 11:00,3.875,0.0,0
4/7/2023 12:00,3.821666667,0.0,0
4/7/2023 13:00,3.836666667,0.0,0
4/7/2023 14:00,3.735,0.0,0
4/7/2023 15:00,3.698333333,0.0,0
4/7/2023 16:00,3.53,0.04,0
4/7/2023 17:00,4.221666667,0.1,0
4/7/2023 18:00,5.678333333,0.02,0
4/7/2023 19:00,5.73,0.04,0
4/7/2023 20:00,5.49,0.0,0
4/7/2023 21:00,4.916666667,0.0,0
4/7/2023 22:00,4.521666667,0.0,0
4/7/2023 23:00,4.198333333,0.0,0
4/8/2023 0:00,4.04,0.0,0
4/8/2023 1:00,3.801666667,0.0,0
4/8/2023 2:00,3.678,0.0,0
4/8/2023 3:00,3.583333333,0.0,0
4/8/2023 4:00,3.48,0.0,0
4/8/2023 5:00,3.43,0.0,0
4/8/2023 6:00,3.4,0.0,0
4/8/2023 7:00,3.38,0.0,0
4/8/2023 8:00,3.4,0.0,0
4/8/2023 9:00,3.333333333,0.0,0
4/8/2023 10:00,3.368333333,0.0,0
4/8/2023 11:00,3.46,0.0,0
4/8/2023 12:00,3.47,0.0,0
4/8/2023 13:00,3.4,0.0,0
4/8/2023 14:00,3.18,0.0,0
4/8/2023 15:00,3.226,0.0,0
4/8/2023 16:00,3.302,0.0,0
4/8/2023 17:00,3.345,0.0,0
4/8/2023 18:00,3.323333333,0.0,0
4/8/2023 19:00,3.19,0.0,0
4/8/2023 20:00,3.015,0.0,0
4/8/2023 21:00,3.105,0.0,0
4/8/2023 22:00,3.136666667,0.0,0
4/8/2023 23:00,3.053333333,0.0,0
4/9/2023 0:00,3.053333333,0.0,0
4/9/2023 1:00,2.97,0.0,0
4/9/2023 2:00,2.845,0.0,0
4/9/2023 3:00,2.765,0.0,0
4/9/2023 4:00,2.74,0.0,0
4/9/2023 5:00,2.738,0.0,0
4/9/2023 6:00,2.69,0.0,0
4/9/2023 7:00,2.773333333,0.0,0
4/9/2023 8:00,2.81,0.0,0
4/9/2023 9:00,3.0,0.0,0
4/9/2023 10:00,3.088,0.0,0
4/9/2023 11:00,3.356666667,0.0,0
4/9/2023 12:00,3.428333333,0.0,0
4/9/2023 13:00,3.48,0.0,0
4/9/2023 14:00,3.125,0.0,0
4/9/2023 15:00,3.01,0.0,0
4/9/2023 16:00,2.96,0.0,0
4/9/2023 17:00,2.98,0.0,0
4/9/2023 18:00,3.012,0.0,0
4/9/2023 19:00,2.908333333,0.0,0
4/9/2023 20:00,3.168333333,0.0,0
4/9/2023 21:00,3.281666667,0.0,0
4/9/2023 22:00,3.26,0.0,0
4/9/2023 23:00,3.178333333,0.0,0
4/10/2023 0:00,3.043333333,0.0,0
4/10/2023 1:00,2.79,0.0,0
4/10/2023 2:00,2.66,0.0,0
4/10/2023 3:00,2.56,0.0,0
4/10/2023 4:00,2.583333333,0.0,0
4/10/2023 5:00,2.615,0.0,0
4/10/2023 6:00,2.75,0.0,0
4/10/2023 7:00,3.106666667,0.0,0
4/10/2023 8:00,3.013333333,0.0,0
4/10/2023 9:00,3.05,0.0,0
4/10/2023 10:00,2.95,0.0,0
4/10/2023 11:00,3.0,0.0,0
4/10/2023 12:00,3.076,0.0,0
4/10/2023 13:00,3.093333333,0.0,0
4/10/2023 14:00,3.065,0.0,0
4/10/2023 15:00,3.053333333,0.0,0
4/10/2023 16:00,3.052,0.0,0
4/10/2023 17:00,3.011666667,0.0,0
4/10/2023 18:00,3.128333333,0.0,0
4/10/2023 19:00,3.051666667,0.0,0
4/10/2023 20:00,3.073333333,0.0,0
4/10/2023 21:00,3.085,0.0,0
4/10/2023 22:00,3.23,0.0,0
4/10/2023 23:00,2.961666667,0.0,0
4/11/2023 0:00,2.906666667,0.0,0
4/11/2023 1:00,2.811666667,0.0,0
4/11/2023 2:00,2.588,0.0,0
4/11/2023 3:00,2.49,0.0,0
4/11/2023 4:00,2.5,0.0,0
4/11/2023 5:00,2.588,0.0,0
4/11/2023 6:00,2.658333333,0.0,0
4/11/2023 7:00,2.98,0.0,0
4/11/2023 8:00,2.918333333,0.0,0
4/11/2023 9:00,2.826,0.0,0
4/11/2023 10:00,2.878333333,0.0,0
4/11/2023 11:00,2.928333333,0.0,0
4/11/2023 12:00,2.905,0.0,0
4/11/2023 13:00,2.978,0.0,0
4/11/2023 14:00,3.043333333,0.0,0
4/11/2023 15:00,3.001666667,0.0,0
4/11/2023 16:00,2.96,0.0,0
4/11/2023 17:00,2.938333333,0.0,0
4/11/2023 18:00,2.896666667,0.0,0
4/11/2023 19:00,2.98,0.0,0
4/11/2023 20:00,3.136666667,0.0,0
4/11/2023 21:00,3.231666667,0.0,0
4/11/2023 22:00,3.073333333,0.0,0
4/11/2023 23:00,3.145,0.0,0
4/12/2023 0:00,2.988333333,0.0,0
4/12/2023 1:00,2.77,0.0,0
4/12/2023 2:00,2.54,0.0,0
4/12/2023 3:00,2.39,0.0,0
4/12/2023 4:00,2.38,0.0,0
4/12/2023 5:00,2.366,0.0,0
4/12/2023 6:00,2.656666667,0.0,0
4/12/2023 7:00,2.89,0.0,0
4/12/2023 8:00,2.97,0.0,0
4/12/2023 9:00,2.94,0.0,0
4/12/2023 10:00,2.94,0.0,0
4/12/2023 11:00,2.791666667,0.0,0
4/12/2023 12:00,2.918333333,0.0,0
4/12/2023 13:00,3.096666667,0.0,0
4/12/2023 14:00,3.073333333,0.0,0
4/12/2023 15:00,2.813333333,0.0,0
4/12/2023 16:00,2.938333333,0.0,0
4/12/2023 17:00,2.896666667,0.0,0
4/12/2023 18:00,2.988,0.0,0
4/12/2023 19:00,2.95,0.0,0
4/12/2023 20:00,4.730082544139356,0.0,1
4/12/2023 21:00,3.031666667,0.0,0
4/12/2023 22:00,3.228333333,0.0,0
4/12/2023 23:00,2.97,0.0,0
4/13/2023 0:00,2.866666667,0.0,0
4/13/2023 1:00,2.886666667,0.0,0
4/13/2023 2:00,2.67,0.0,0
4/13/2023 3:00,2.595,0.0,0
4/13/2023 4:00,2.55,0.0,0
4/13/2023 5:00,2.615,0.0,0
4/13/2023 6:00,2.751666667,0.0,0
4/13/2023 7:00,2.845,0.0,0
4/13/2023 8:00,2.843333333,0.0,0
4/13/2023 9:00,2.823333333,0.0,0
4/13/2023 10:00,2.731666667,0.0,0
4/13/2023 11:00,2.813333333,0.0,0
4/13/2023 12:00,2.97,0.0,0
4/13/2023 13:00,2.761666667,0.0,0
4/13/2023 14:00,2.815,0.0,0
4/13/2023 15:00,2.64,0.0,0
4/13/2023 16:00,2.888333333,0.0,0
4/13/2023 17:00,3.073333333,0.0,0
4/13/2023 18:00,2.971666667,0.0,0
4/13/2023 19:00,2.918333333,0.0,0
4/13/2023 20:00,2.906666667,0.0,0
4/13/2023 21:00,3.148333333,0.0,0
4/13/2023 22:00,3.0,0.0,0
4/13/2023 23:00,2.918333333,0.0,0
4/14/2023 0:00,2.7,0.0,0
4/14/2023 1:00,2.688333333,0.0,0
4/14/2023 2:00,2.388333333,0.0,0
4/14/2023 3:00,2.265,0.0,0
4/14/2023 4:00,2.25,0.0,0
4/14/2023 5:00,2.355,0.0,0
4/14/2023 6:00,2.533333333,0.0,0
4/14/2023 7:00,2.938333333,0.0,0
4/14/2023 8:00,3.25,0.0,0
4/14/2023 9:00,2.823333333,0.0,0
4/14/2023 10:00,2.888333333,0.0,0
4/14/2023 11:00,2.826,0.0,0
4/14/2023 12:00,2.833333333,0.0,0
4/14/2023 13:00,2.8775,0.0,0
4/14/2023 14:00,2.678,0.0,0
4/14/2023 15:00,2.781666667,0.0,0
4/14/2023 16:00,2.565,0.0,0
4/14/2023 17:00,2.948333333,0.0,0
4/14/2023 18:00,2.753333333,0.0,0
4/14/2023 19:00,2.855,0.0,0
4/14/2023 20:00,2.908333333,0.0,0
4/14/2023 21:00,2.763333333,0.0,0
4/14/2023 22:00,2.813333333,0.0,0
4/14/2023 23:00,2.666666667,0.0,0
4/15/2023 0:00,2.668333333,0.0,0
4/15/2023 1:00,2.753333333,0.0,0
4/15/2023 2:00,2.45,0.0,0
4/15/2023 3:00,2.38,0.0,0
4/15/2023 4:00,2.35,0.0,0
4/15/2023 5:00,2.31,0.0,0
4/15/2023 6:00,3.021666667,0.02,0
4/15/2023 7:00,3.136666667,0.0,0
4/15/2023 8:00,3.065,0.0,0
4/15/2023 9:00,3.19,0.0,0
4/15/2023 10:00,3.063333333,0.0,0
4/15/2023 11:00,3.126666667,0.0,0
4/15/2023 12:00,3.293333333,0.0,0
4/15/2023 13:00,3.116666667,0.0,0
4/15/2023 14:00,2.876666667,0.0,0
4/15/2023 15:00,3.023333333,0.0,0
4/15/2023 16:00,2.898333333,0.0,0
4/15/2023 17:00,2.988,0.0,0
4/15/2023 18:00,2.918333333,0.0,0
4/15/2023 19:00,2.803333333,0.0,0
4/15/2023 20:00,2.701666667,0.0,0
4/15/2023 21:00,2.788,0.0,0
4/15/2023 22:00,2.855,0.0,0
4/15/2023 23:00,2.95,0.0,0
4/16/2023 0:00,2.7,0.0,0
4/16/2023 1:00,2.664,0.0,0
4/16/2023 2:00,2.553333333,0.0,0
4/16/2023 3:00,2.428,0.0,0
4/16/2023 4:00,2.321666667,0.0,0
4/16/2023 5:00,2.311666667,0.0,0
4/16/2023 6:00,2.27,0.0,0
4/16/2023 7:00,2.29,0.0,0
4/16/2023 8:00,2.478333333,0.0,0
4/16/2023 9:00,2.616,0.0,0
4/16/2023 10:00,2.845,0.0,0
4/16/2023 11:00,2.936666667,0.0,0
4/16/2023 12:00,3.051666667,0.0,0
4/16/2023 13:00,2.838,0.0,0
4/16/2023 14:00,2.846666667,0.0,0
4/16/2023 15:00,2.97,0.0,0
4/16/2023 16:00,2.938333333,0.0,0
4/16/2023 17:00,2.92,0.0,0
4/16/2023 18:00,3.053333333,0.0,0
4/16/2023 19:00,2.876666667,0.0,0
4/16/2023 20:00,2.928333333,0.0,0
4/16/2023 21:00,2.936666667,0.0,0
4/16/2023 22:00,2.964,0.0,0
4/16/2023 23:00,2.811666667,0.0,0
4/17/2023 0:00,2.72,0.0,0
4/17/2023 1:00,2.511666667,0.0,0
4/17/2023 2:00,2.44,0.0,0
4/17/2023 3:00,2.301666667,0.0,0
4/17/2023 4:00,2.25,0.0,0
4/17/2023 5:00,2.366666667,0.0,0
4/17/2023 6:00,2.583333333,0.0,0
4/17/2023 7:00,2.712,0.0,0
4/17/2023 8:00,3.01,0.0,0
4/17/2023 9:00,2.74,0.0,0
4/17/2023 10:00,2.721666667,0.0,0
4/17/2023 11:00,2.78,0.0,0
4/17/2023 12:00,2.813333333,0.0,0
4/17/2023 13:00,2.8,0.0,0
4/17/2023 14:00,2.7,0.0,0
4/17/2023 15:00,2.708333333,0.0,0
4/17/2023 16:00,2.66,0.0,0
4/17/2023 17:00,2.846666667,0.0,0
4/17/2023 18:00,2.845,0.0,0
4/17/2023 19:00,2.803333333,0.0,0
4/17/2023 20:00,3.166666667,0.0,0
4/17/2023 21:00,3.208333333,0.0,0
4/17/2023 22:00,3.073333333,0.0,0
4/17/2023 23:00,2.938,0.0,0
4/18/2023 0:00,2.511666667,0.0,0
4/18/2023 1:00,2.585,0.0,0
4/18/2023 2:00,2.364,0.0,0
4/18/2023 3:00,2.26,0.0,0
4/18/2023 4:00,2.23,0.0,0
4/18/2023 5:00,2.345,0.0,0
4/18/2023 6:00,2.605,0.0,0
4/18/2023 7:00,2.838,0.0,0
4/18/2023 8:00,2.856666667,0.0,0
4/18/2023 9:00,2.831666667,0.02,0
4/18/2023 10:00,2.763333333,0.0,0
4/18/2023 11:00,2.862,0.0,0
4/18/2023 12:00,2.77,0.0,0
4/18/2023 13:00,2.7675,0.0,0
4/18/2023 14:00,2.93,0.0,0
4/18/2023 15:00,2.856666667,0.0,0
4/18/2023 16:00,2.813333333,0.0,0
4/18/2023 17:00,2.928333333,0.0,0
4/18/2023 18:00,2.95,0.0,0
4/18/2023 19:00,2.865,0.0,0
4/18/2023 20:00,3.138333333,0.0,0
4/18/2023 21:00,3.095,0.0,0
4/18/2023 22:00,3.116666667,0.0,0
4/18/2023 23:00,2.99,0.0,0
4/19/2023 0:00,2.875,0.0,0
4/19/2023 1:00,2.731666667,0.0,0
4/19/2023 2:00,2.464,0.0,0
4/19/2023 3:00,2.438333333,0.0,0
4/19/2023 4:00,2.24,0.0,0
4/19/2023 5:00,2.261666667,0.0,0
4/19/2023 6:00,2.46,0.0,0
4/19/2023 7:00,3.093333333,0.0,0
4/19/2023 8:00,2.801666667,0.0,0
4/19/2023 9:00,2.764,0.0,0
4/19/2023 10:00,2.824,0.0,0
4/19/2023 11:00,2.646666667,0.0,0
4/19/2023 12:00,2.856666667,0.0,0
4/19/2023 13:00,3.05,0.0,0
4/19/2023 14:00,3.615,0.0,0
4/19/2023 15:00,2.815,0.0,0
4/19/2023 16:00,2.826666667,0.0,0
4/19/2023 17:00,2.853333333,0.0,0
4/19/2023 18:00,2.845,0.0,0
4/19/2023 19:00,2.69,0.0,0
4/19/2023 20:00,2.906666667,0.0,0
4/19/2023 21:00,3.202,0.0,0
4/19/2023 22:00,2.99,0.0,0
4/19/2023 23:00,2.785,0.0,0
4/20/2023 0:00,2.688333333,0.0,0
4/20/2023 1:00,2.646666667,0.0,0
4/20/2023 2:00,2.438333333,0.0,0
4/20/2023 3:00,2.375,0.0,0
4/20/2023 4:00,2.28,0.0,0
4/20/2023 5:00,2.23,0.0,0
4/20/2023 6:00,2.658333333,0.0,0
4/20/2023 7:00,3.0,0.0,0
4/20/2023 8:00,2.668333333,0.0,0
4/20/2023 9:00,2.69,0.0,0
4/20/2023 10:00,2.805,0.0,0
4/20/2023 11:00,2.72,0.0,0
4/20/2023 12:00,3.085,0.0,0
4/20/2023 13:00,2.95,0.0,0
4/20/2023 14:00,3.096666667,0.0,0
4/20/2023 15:00,2.986,0.0,0
4/20/2023 16:00,2.75,0.0,0
4/20/2023 17:00,3.001666667,0.0,0
4/20/2023 18:00,2.825,0.0,0
4/20/2023 19:00,3.031666667,0.0,0
4/20/2023 20:00,3.041666667,0.0,0
4/20/2023 21:00,3.124,0.0,0
4/20/2023 22:00,3.075,0.0,0
4/20/2023 23:00,2.615,0.0,0
4/21/2023 0:00,2.958333333,0.04,0
4/21/2023 1:00,3.374,0.0,0
4/21/2023 2:00,2.855,0.0,0
4/21/2023 3:00,2.72,0.02,0
4/21/2023 4:00,2.7525,0.36,0
4/21/2023 5:00,6.751666667,0.06,0
4/21/2023 6:00,5.876666667,0.0,0
4/21/2023 7:00,4.69,0.0,0
4/21/2023 8:00,4.264,0.0,0
4/21/2023 9:00,4.062,0.0,0
4/21/2023 10:00,3.843333333,0.0,0
4/21/2023 11:00,5.894990321504943,0.0,1
4/21/2023 12:00,6.1268475070112505,0.0,1
4/21/2023 13:00,4.928394542241076,0.0,1
4/21/2023 14:00,3.45,0.0,0
4/21/2023 15:00,3.365,0.0,0
4/21/2023 16:00,3.375,0.0,0
4/21/2023 17:00,3.25,0.0,0
4/21/2023 18:00,3.333333333,0.0,0
4/21/2023 19:00,3.23,0.0,0
4/21/2023 20:00,3.15,0.0,0
4/21/2023 21:00,3.23,0.0,0
4/21/2023 22:00,3.023333333,0.0,0
4/21/2023 23:00,3.001666667,0.0,0
4/22/2023 0:00,2.95,0.0,0
4/22/2023 1:00,2.845,0.0,0
4/22/2023 2:00,2.765,0.0,0
4/22/2023 3:00,2.72,0.0,0
4/22/2023 4:00,2.63,0.0,0
4/22/2023 5:00,2.66,0.0,0
4/22/2023 6:00,2.762,0.0,0
4/22/2023 7:00,2.7,0.0,0
4/22/2023 8:00,2.813333333,0.0,0
4/22/2023 9:00,2.928333333,0.0,0
4/22/2023 10:00,2.968333333,0.0,0
4/22/2023 11:00,3.063333333,0.0,0
4/22/2023 12:00,3.142,0.0,0
4/22/2023 13:00,3.126666667,0.0,0
4/22/2023 14:00,3.033333333,0.0,0
4/22/2023 15:00,3.053333333,0.0,0
4/22/2023 16:00,2.93,0.0,0
4/22/2023 17:00,3.01,0.0,0
4/22/2023 18:00,3.021666667,0.0,0
4/22/2023 19:00,2.96,0.0,0
4/22/2023 20:00,2.88,0.0,0
4/22/2023 21:00,4.978762752130051,0.0,1
4/22/2023 22:00,5.162733286512673,0.0,1
4/22/2023 23:00,2.658333333,0.0,0
4/23/2023 0:00,2.7,0.0,0
4/23/2023 1:00,2.731666667,0.0,0
4/23/2023 2:00,2.595,0.0,0
4/23/2023 3:00,2.533333333,0.0,0
4/23/2023 4:00,2.44,0.0,0
4/23/2023 5:00,2.47,0.0,0
4/23/2023 6:00,2.6125,0.0,0
4/23/2023 7:00,2.543333333,0.0,0
4/23/2023 8:00,2.76,0.0,0
4/23/2023 9:00,2.855,0.0,0
4/23/2023 10:00,2.812,0.02,0
4/23/2023 11:00,2.97,0.0,0
4/23/2023 12:00,3.033333333,0.0,0
4/23/2023 13:00,5.688709780898911,0.0,1
4/23/2023 14:00,3.073333333,0.0,0
4/23/2023 15:00,3.033333333,0.0,0
4/23/2023 16:00,3.035,0.0,0
4/23/2023 17:00,3.063333333,0.0,0
4/23/2023 18:00,3.053333333,0.0,0
4/23/2023 19:00,3.085,0.0,0
4/23/2023 20:00,3.023333333,0.0,0
4/23/2023 21:00,3.086,0.0,0
4/23/2023 22:00,3.105,0.0,0
4/23/2023 23:00,3.033333333,0.0,0
4/24/2023 0:00,2.78,0.0,0
4/24/2023 1:00,2.75,0.0,0
4/24/2023 2:00,2.563333333,0.0,0
4/24/2023 3:00,2.4,0.0,0
4/24/2023 4:00,2.345,0.0,0
4/24/2023 5:00,2.343333333,0.0,0
4/24/2023 6:00,2.596666667,0.0,0
4/24/2023 7:00,2.875,0.0,0
4/24/2023 8:00,3.001666667,0.0,0
4/24/2023 9:00,2.811666667,0.0,0
4/24/2023 10:00,2.68,0.0,0
4/24/2023 11:00,2.805,0.0,0
4/24/2023 12:00,2.874,0.0,0
4/24/2023 13:00,2.896666667,0.0,0
4/24/2023 14:00,2.906666667,0.0,0
4/24/2023 15:00,2.873333333,0.0,0
4/24/2023 16:00,2.874,0.0,0
4/24/2023 17:00,2.898333333,0.0,0
4/24/2023 18:00,2.833333333,0.0,0
4/24/2023 19:00,3.001666667,0.0,0
4/24/2023 20:00,3.103333333,0.0,0
4/24/2023 21:00,3.021666667,0.0,0
4/24/2023 22:00,3.001666667,0.0,0
4/24/2023 23:00,2.855,0.0,0
4/25/2023 0:00,2.583333333,0.0,0
4/25/2023 1:00,2.602,0.0,0
4/25/2023 2:00,2.56,0.0,0
4/25/2023 3:00,2.45,0.0,0
4/25/2023 4:00,2.25,0.0,0
4/25/2023 5:00,2.27,0.0,0
4/25/2023 6:00,2.53,0.0,0
4/25/2023 7:00,2.836666667,0.0,0
4/25/2023 8:00,2.793333333,0.0,0
4/25/2023 9:00,2.72,0.0,0
4/25/2023 10:00,2.843333333,0.0,0
4/25/2023 11:00,2.72,0.0,0
4/25/2023 12:00,2.66,0.0,0
4/25/2023 13:00,2.781666667,0.0,0
4/25/2023 14:00,2.71,0.0,0
4/25/2023 15:00,2.731666667,0.0,0
4/25/2023 16:00,2.823333333,0.0,0
4/25/2023 17:00,2.886666667,0.0,0
4/25/2023 18:00,2.781666667,0.0,0
4/25/2023 19:00,2.75,0.0,0
4/25/2023 20:00,2.98,0.0,0
4/25/2023 21:00,3.218333333,0.0,0
4/25/2023 22:00,2.9,0.0,0
4/25/2023 23:00,2.908333333,0.0,0
4/26/2023 0:00,2.68,0.0,0
4/26/2023 1:00,2.523333333,0.0,0
4/26/2023 2:00,2.38,0.0,0
4/26/2023 3:00,2.356666667,0.0,0
4/26/2023 4:00,2.565,0.0,0
4/26/2023 5:00,2.42,0.0,0
4/26/2023 6:00,2.585,0.0,0
4/26/2023 7:00,2.845,0.0,0
4/26/2023 8:00,2.75,0.0,0
4/26/2023 9:00,2.738333333,0.0,0
4/26/2023 10:00,2.77,0.0,0
4/26/2023 11:00,2.813333333,0.0,0
4/26/2023 12:00,2.804,0.0,0
4/26/2023 13:00,2.74,0.0,0
4/26/2023 14:00,2.646666667,0.0,0
4/26/2023 15:00,2.72,0.0,0
4/26/2023 16:00,2.75,0.0,0
4/26/2023 17:00,2.73,0.0,0
4/26/2023 18:00,2.791666667,0.0,0
4/26/2023 19:00,2.805,0.0,0
4/26/2023 20:00,2.888333333,0.0,0
4/26/2023 21:00,3.2,0.0,0
4/26/2023 22:00,3.043333333,0.0,0
4/26/2023 23:00,2.95,0.02,0
4/27/2023 0:00,2.8,0.0,0
4/27/2023 1:00,2.648333333,0.0,0
4/27/2023 2:00,2.614,0.0,0
4/27/2023 3:00,2.521666667,0.04,0
4/27/2023 4:00,4.813333333,0.2,0
4/27/2023 5:00,8.468333333,0.02,0
4/27/2023 6:00,6.19,0.0,0
4/27/2023 7:00,5.406666667,0.04,0
4/27/2023 8:00,5.096666667,0.0,0
4/27/2023 9:00,4.698333333,0.0,0
4/27/2023 10:00,4.47,0.0,0
4/27/2023 11:00,4.27,0.0,0
4/27/2023 12:00,4.126,0.0,0
4/27/2023 13:00,4.071666667,0.0,0
4/27/2023 14:00,3.906666667,0.0,0
4/27/2023 15:00,3.781666667,0.0,0
4/27/2023 16:00,3.68,0.0,0
4/27/2023 17:00,3.583333333,0.0,0
4/27/2023 18:00,3.571666667,0.0,0
4/27/2023 19:00,3.585,0.0,0
4/27/2023 20:00,3.626,0.0,0
4/27/2023 21:00,3.551666667,0.0,0
4/27/2023 22:00,4.594830502244333,0.0,1
4/27/2023 23:00,3.325,0.0,0
4/28/2023 0:00,3.158333333,0.0,0
4/28/2023 1:00,2.976,0.0,0
4/28/2023 2:00,2.821666667,0.0,0
4/28/2023 3:00,2.791666667,0.0,0
4/28/2023 4:00,2.786,0.0,0
4/28/2023 5:00,2.813333333,0.0,0
4/28/2023 6:00,3.055,0.0,0
4/28/2023 7:00,3.261666667,0.0,0
4/28/2023 8:00,3.102,0.0,0
4/28/2023 9:00,3.031666667,0.0,0
4/28/2023 10:00,3.075,0.0,0
4/28/2023 11:00,3.02,0.0,0
4/28/2023 12:00,2.94,0.0,0
4/28/2023 13:00,2.97,0.0,0
4/28/2023 14:00,3.002,0.0,0
4/28/2023 15:00,2.96,0.0,0
4/28/2023 16:00,2.97,0.0,0
4/28/2023 17:00,2.895,0.0,0
4/28/2023 18:00,3.051666667,0.0,0
4/28/2023 19:00,3.021666667,0.0,0
4/28/2023 20:00,2.9,0.0,0
4/28/2023 21:00,3.063333333,0.12,0
4/28/2023 22:00,4.825,0.06,0
4/28/2023 23:00,5.426666667,0.04,0
4/29/2023 0:00,5.088,0.0,0
4/29/2023 1:00,4.488,0.0,0
4/29/2023 2:00,4.15,0.0,0
4/29/2023 3:00,3.896666667,0.0,0
4/29/2023 4:00,3.71,0.0,0
4/29/2023 5:00,3.583333333,0.0,0
4/29/2023 6:00,3.51,0.0,0
4/29/2023 7:00,3.49,0.0,0
4/29/2023 8:00,3.392,0.0,0
4/29/2023 9:00,3.51,0.0,0
4/29/2023 10:00,3.501666667,0.0,0
4/29/2023 11:00,3.418333333,0.0,0
4/29/2023 12:00,3.442,0.0,0
4/29/2023 13:00,3.418333333,0.0,0
4/29/2023 14:00,3.27,0.0,0
4/29/2023 15:00,3.271666667,0.0,0
4/29/2023 16:00,3.128333333,0.0,0
4/29/2023 17:00,3.14,0.0,0
4/29/2023 18:00,3.24,0.0,0
4/29/2023 19:00,3.15,0.0,0
4/29/2023 20:00,3.145,0.0,0
4/29/2023 21:00,3.073333333,0.0,0
4/29/2023 22:00,3.0,0.0,0
4/29/2023 23:00,2.97,0.0,0
4/30/2023 0:00,2.956666667,0.0,0
4/30/2023 1:00,2.8925,0.0,0
4/30/2023 2:00,2.791666667,0.0,0
4/30/2023 3:00,2.762,0.0,0
4/30/2023 4:00,2.66,0.0,0
4/30/2023 5:00,2.605,0.0,0
4/30/2023 6:00,2.583333333,0.0,0
4/30/2023 7:00,2.63,0.0,0
4/30/2023 8:00,2.793333333,0.0,0
4/30/2023 9:00,2.99,0.0,0
4/30/2023 10:00,3.028,0.0,0
4/30/2023 11:00,3.073333333,0.0,0
4/30/2023 12:00,3.01,0.0,0
4/30/2023 13:00,3.075,0.0,0
4/30/2023 14:00,3.051666667,0.0,0
4/30/2023 15:00,3.116666667,0.0,0
4/30/2023 16:00,2.976,0.0,0
4/30/2023 17:00,3.138333333,0.0,0
4/30/2023 18:00,2.97,0.0,0
4/30/2023 19:00,3.0,0.0,0
4/30/2023 20:00,3.118333333,0.0,0
4/30/2023 21:00,3.118333333,0.0,0
4/30/2023 22:00,3.052,0.0,0
4/30/2023 23:00,2.961666667,0.0,0
5/1/2023 0:00,2.918333333,0.0,0
5/1/2023 1:00,2.75,0.0,0
5/1/2023 2:00,2.606666667,0.0,0
5/1/2023 3:00,2.524,0.0,0
5/1/2023 4:00,2.49,0.0,0
5/1/2023 5:00,2.44,0.0,0
5/1/2023 6:00,2.646666667,0.0,0
5/1/2023 7:00,2.914,0.0,0
5/1/2023 8:00,2.876666667,0.0,0
5/1/2023 9:00,2.93,0.0,0
5/1/2023 10:00,3.038,0.0,0
5/1/2023 11:00,3.053333333,0.0,0
5/1/2023 12:00,2.955,0.0,0
5/1/2023 13:00,2.918333333,0.0,0
5/1/2023 14:00,2.835,0.0,0
5/1/2023 15:00,2.896666667,0.0,0
5/1/2023 16:00,2.96,0.0,0
5/1/2023 17:00,3.001666667,0.0,0
5/1/2023 18:00,3.075,0.0,0
5/1/2023 19:00,3.24,0.0,0
5/1/2023 20:00,3.208333333,0.0,0
5/1/2023 21:00,3.198333333,0.0,0
5/1/2023 22:00,3.116666667,0.0,0
5/1/2023 23:00,2.918333333,0.0,0
5/2/2023 0:00,2.79,0.0,0
5/2/2023 1:00,2.628,0.0,0
5/2/2023 2:00,2.46,0.0,0
5/2/2023 3:00,2.441666667,0.0,0
5/2/2023 4:00,2.616666667,0.0,0
5/2/2023 5:00,2.52,0.0,0
5/2/2023 6:00,2.593333333,0.0,0
5/2/2023 7:00,2.962,0.0,0
5/2/2023 8:00,2.938333333,0.0,0
5/2/2023 9:00,2.916666667,0.0,0
5/2/2023 10:00,2.905,0.0,0
5/2/2023 11:00,2.938333333,0.0,0
5/2/2023 12:00,2.905,0.0,0
5/2/2023 13:00,2.791666667,0.0,0
5/2/2023 14:00,2.833333333,0.0,0
5/2/2023 15:00,2.93,0.0,0
5/2/2023 16:00,2.98,0.0,0
5/2/2023 17:00,3.011666667,0.0,0
5/2/2023 18:00,2.98,0.0,0
5/2/2023 19:00,3.146666667,0.0,0
5/2/2023 20:00,3.25,0.0,0
5/2/2023 21:00,3.313333333,0.0,0
5/2/2023 22:00,3.2,0.0,0
5/2/2023 23:00,3.043333333,0.0,0
5/3/2023 0:00,2.898333333,0.0,0
5/3/2023 1:00,2.878333333,0.0,0
5/3/2023 2:00,3.792081497811386,0.0,1
5/3/2023 3:00,3.930561675707443,0.0,1
5/3/2023 4:00,4.1924312327845605,0.0,1
5/3/2023 5:00,4.289910643396962,0.0,1
5/3/2023 6:00,2.781666667,0.0,0
5/3/2023 7:00,2.906666667,0.0,0
5/3/2023 8:00,2.876666667,0.0,0
5/3/2023 9:00,2.84,0.0,0
5/3/2023 10:00,2.928333333,0.0,0
5/3/2023 11:00,2.865,0.0,0
5/3/2023 12:00,2.75,0.0,0
5/3/2023 13:00,2.75,0.0,0
5/3/2023 14:00,2.803333333,0.0,0
5/3/2023 15:00,2.71,0.0,0
5/3/2023 16:00,2.793333333,0.0,0
5/3/2023 17:00,2.801666667,0.0,0
5/3/2023 18:00,2.878333333,0.0,0
5/3/2023 19:00,2.98,0.0,0
5/3/2023 20:00,3.128,0.0,0
5/3/2023 21:00,3.106666667,0.0,0
5/3/2023 22:00,3.021666667,0.0,0
5/3/2023 23:00,2.95,0.0,0
5/4/2023 0:00,2.74,0.0,0
5/4/2023 1:00,2.7525,0.0,0
5/4/2023 2:00,2.53,0.0,0
5/4/2023 3:00,2.388333333,0.0,0
5/4/2023 4:00,2.353333333,0.0,0
5/4/2023 5:00,2.49,0.0,0
5/4/2023 6:00,2.646666667,0.0,0
5/4/2023 7:00,2.981666667,0.0,0
5/4/2023 8:00,2.801666667,0.0,0
5/4/2023 9:00,2.774,0.0,0
5/4/2023 10:00,2.803333333,0.0,0
5/4/2023 11:00,2.918333333,0.0,0
5/4/2023 12:00,2.918333333,0.0,0
5/4/2023 13:00,2.72,0.0,0
5/4/2023 14:00,2.783333333,0.0,0
5/4/2023 15:00,3.03,0.0,0
5/4/2023 16:00,2.654,0.0,0
5/4/2023 17:00,2.771666667,0.0,0
5/4/2023 18:00,2.95,0.0,0
5/4/2023 19:00,2.886666667,0.0,0
5/4/2023 20:00,3.105,0.0,0
5/4/2023 21:00,3.188333333,0.0,0
5/4/2023 22:00,2.964,0.0,0
5/4/2023 23:00,2.791666667,0.0,0
5/5/2023 0:00,2.78,0.0,0
5/5/2023 1:00,2.63,0.0,0
5/5/2023 2:00,2.47,0.0,0
5/5/2023 3:00,2.3,0.0,0
5/5/2023 4:00,2.25,0.0,0
5/5/2023 5:00,2.408333333,0.0,0
5/5/2023 6:00,2.551666667,0.0,0
5/5/2023 7:00,2.98,0.0,0
5/5/2023 8:00,2.853333333,0.0,0
5/5/2023 9:00,2.852,0.0,0
5/5/2023 10:00,2.865,0.0,0
5/5/2023 11:00,2.988,0.0,0
5/5/2023 12:00,2.918333333,0.0,0
5/5/2023 13:00,2.938333333,0.0,0
5/5/2023 14:00,2.845,0.0,0
5/5/2023 15:00,2.908333333,0.0,0
5/5/2023 16:00,2.928333333,0.0,0
5/5/2023 17:00,2.741666667,0.0,0
5/5/2023 18:00,2.896666667,0.0,0
5/5/2023 19:00,2.876666667,0.0,0
5/5/2023 20:00,2.97,0.0,0
5/5/2023 21:00,2.823333333,0.0,0
5/5/2023 22:00,3.014,0.0,0
5/5/2023 23:00,2.751666667,0.0,0
5/6/2023 0:00,2.65,0.0,0
5/6/2023 1:00,2.902,0.0,0
5/6/2023 2:00,2.69,0.0,0
5/6/2023 3:00,2.66,0.04,0
5/6/2023 4:00,2.64,0.0,0
5/6/2023 5:00,2.588,0.0,0
5/6/2023 6:00,2.47,0.0,0
5/6/2023 7:00,2.668333333,0.0,0
5/6/2023 8:00,2.73,0.0,0
5/6/2023 9:00,2.866,0.0,0
5/6/2023 10:00,3.164,0.0,0
5/6/2023 11:00,2.866666667,0.0,0
5/6/2023 12:00,2.918333333,0.0,0
5/6/2023 13:00,2.976,0.0,0
5/6/2023 14:00,2.936666667,0.0,0
5/6/2023 15:00,2.888333333,0.0,0
5/6/2023 16:00,2.93,0.0,0
5/6/2023 17:00,2.906666667,0.0,0
5/6/2023 18:00,2.97,0.0,0
5/6/2023 19:00,2.895,0.0,0
5/6/2023 20:00,2.896666667,0.0,0
5/6/2023 21:00,2.835,0.0,0
5/6/2023 22:00,2.833333333,0.0,0
5/6/2023 23:00,2.843333333,0.0,0
5/7/2023 0:00,2.678,0.0,0
5/7/2023 1:00,2.638333333,0.0,0
5/7/2023 2:00,2.5,0.0,0
5/7/2023 3:00,2.39,0.0,0
5/7/2023 4:00,2.45,0.0,0
5/7/2023 5:00,2.338,0.0,0
5/7/2023 6:00,2.31,0.0,0
5/7/2023 7:00,2.412,0.0,0
5/7/2023 8:00,2.69,0.0,0
5/7/2023 9:00,2.845,0.0,0
5/7/2023 10:00,2.926666667,0.0,0
5/7/2023 11:00,3.04,0.12,0
5/7/2023 12:00,3.343333333,0.04,0
5/7/2023 13:00,3.751666667,0.02,0
5/7/2023 14:00,3.73,0.02,0
5/7/2023 15:00,3.388333333,0.0,0
5/7/2023 16:00,3.325,0.0,0
5/7/2023 17:00,3.323333333,0.0,0
5/7/2023 18:00,3.115,0.0,0
5/7/2023 19:00,3.023333333,0.0,0
5/7/2023 20:00,3.033333333,0.0,0
5/7/2023 21:00,3.14,0.0,0
5/7/2023 22:00,3.251666667,0.0,0
5/7/2023 23:00,3.051666667,0.0,0
5/8/2023 0:00,3.048,0.0,0
5/8/2023 1:00,2.823333333,0.0,0
5/8/2023 2:00,2.646666667,0.0,0
5/8/2023 3:00,2.5,0.0,0
5/8/2023 4:00,2.44,0.0,0
5/8/2023 5:00,2.49,0.0,0
5/8/2023 6:00,2.896666667,0.0,0
5/8/2023 7:00,3.014,0.0,0
5/8/2023 8:00,2.855,0.0,0
5/8/2023 9:00,2.8275,0.0,0
5/8/2023 10:00,3.001666667,0.0,0
5/8/2023 11:00,2.916,0.0,0
5/8/2023 12:00,3.053333333,0.0,0
5/8/2023 13:00,5.087632768359274,0.0,1
5/8/2023 14:00,3.724300120994715,0.0,1
5/8/2023 15:00,2.803333333,0.0,0
5/8/2023 16:00,3.125,0.0,0
5/8/2023 17:00,2.885,0.0,0
5/8/2023 18:00,2.916666667,0.0,0
5/8/2023 19:00,3.18,0.04,0
5/8/2023 20:00,3.636666667,0.0,0
5/8/2023 21:00,3.543333333,0.0,0
5/8/2023 22:00,3.321666667,0.0,0
5/8/2023 23:00,3.22,0.0,0
5/9/2023 0:00,2.952,0.0,0
5/9/2023 1:00,3.055,0.0,0
5/9/2023 2:00,2.821666667,0.0,0
5/9/2023 3:00,2.75,0.0,0
5/9/2023 4:00,2.75,0.0,0
5/9/2023 5:00,2.8,0.0,0
5/9/2023 6:00,2.773333333,0.0,0
5/9/2023 7:00,3.024,0.0,0
5/9/2023 8:00,2.905,0.0,0
5/9/2023 9:00,2.823333333,0.0,0
5/9/2023 10:00,4.428333333,0.26,0
5/9/2023 11:00,16.102,0.08,0
5/9/2023 12:00,9.241666667,0.0,0
5/9/2023 13:00,6.886666667,0.0,0
5/9/2023 14:00,5.865,0.0,0
5/9/2023 15:00,5.021666667,0.0,0
5/9/2023 16:00,4.668333333,0.0,0
5/9/2023 17:00,4.385,0.0,0
5/9/2023 18:00,4.261666667,0.0,0
5/9/2023 19:00,4.093333333,0.0,0
5/9/2023 20:00,4.198333333,0.0,0
5/9/2023 21:00,4.062,0.0,0
5/9/2023 22:00,3.96,0.0,0
5/9/2023 23:00,3.801666667,0.0,0
5/10/2023 0:00,3.625,0.0,0
5/10/2023 1:00,3.564,0.0,0
5/10/2023 2:00,3.43,0.0,0
5/10/2023 3:00,3.3,0.06,0
5/10/2023 4:00,3.771666667,0.0,0
5/10/2023 5:00,4.636666667,0.1,0
5/10/2023 6:00,5.916666667,0.12,0
5/10/2023 7:00,22.013,0.4,0
5/10/2023 8:00,25.0,0.12,0
5/10/2023 9:00,18.60714286,0.14,0
5/10/2023 10:00,15.43833333,0.04,0
5/10/2023 11:00,10.512,0.0,0
5/10/2023 12:00,8.105,0.0,0
5/10/2023 13:00,6.896666667,0.0,0
5/10/2023 14:00,6.281666667,0.0,0
5/10/2023 15:00,5.876666667,0.0,0
5/10/2023 16:00,5.563333333,0.0,0
5/10/2023 17:00,5.178333333,0.0,0
5/10/2023 18:00,4.823333333,0.0,0
5/10/2023 19:00,4.74,0.0,0
5/10/2023 20:00,4.616666667,0.0,0
5/10/2023 21:00,4.531666667,0.0,0
5/10/2023 22:00,4.47,0.0,0
5/10/2023 23:00,4.262,0.0,0
5/11/2023 0:00,4.22,0.0,0
5/11/2023 1:00,4.085,0.0,0
5/11/2023 2:00,3.976,0.0,0
5/11/2023 3:00,3.94,0.0,0
5/11/2023 4:00,3.81,0.0,0
5/11/2023 5:00,3.833333333,0.0,0
5/11/2023 6:00,3.96,0.0,0
5/11/2023 7:00,3.952,0.0,0
5/11/2023 8:00,3.876666667,0.0,0
5/11/2023 9:00,3.826,0.0,0
5/11/2023 10:00,3.845,0.0,0
5/11/2023 11:00,3.79,0.0,0
5/11/2023 12:00,3.761666667,0.0,0
5/11/2023 13:00,3.658333333,0.0,0
5/11/2023 14:00,3.648333333,0.0,0
5/11/2023 15:00,3.658333333,0.0,0
5/11/2023 16:00,3.563333333,0.0,0
5/11/2023 17:00,3.614,0.0,0
5/11/2023 18:00,3.593333333,0.0,0
5/11/2023 19:00,3.531666667,0.0,0
5/11/2023 20:00,3.67,0.0,0
5/11/2023 21:00,3.72,0.0,0
5/11/2023 22:00,3.73,0.0,0
5/11/2023 23:00,3.658333333,0.0,0
5/12/2023 0:00,3.3275,0.0,0
5/12/2023 1:00,3.428333333,0.0,0
5/12/2023 2:00,3.27,0.0,0
5/12/2023 3:00,3.17,0.0,0
5/12/2023 4:00,3.154,0.0,0
5/12/2023 5:00,3.19,0.0,0
5/12/2023 6:00,3.366666667,0.0,0
5/12/2023 7:00,3.606666667,0.0,0
5/12/2023 8:00,3.565,0.0,0
5/12/2023 9:00,3.605,0.0,0
5/12/2023 10:00,3.375,0.0,0
5/12/2023 11:00,3.388,0.0,0
5/12/2023 12:00,3.448333333,0.0,0
5/12/2023 13:00,3.533333333,0.0,0
5/12/2023 14:00,3.481666667,0.0,0
5/12/2023 15:00,3.533333333,0.0,0
5/12/2023 16:00,3.356666667,0.0,0
5/12/2023 17:00,3.365,0.0,0
5/12/2023 18:00,3.53,0.0,0
5/12/2023 19:00,3.645,0.0,0
5/12/2023 20:00,3.613333333,0.0,0
5/12/2023 21:00,3.726,0.0,0
5/12/2023 22:00,3.74,0.0,0
5/12/2023 23:00,3.628333333,0.0,0
5/13/2023 0:00,3.476,0.0,0
5/13/2023 1:00,3.43,0.0,0
5/13/2023 2:00,3.352,0.0,0
5/13/2023 3:00,3.26,0.0,0
5/13/2023 4:00,3.105,0.0,0
5/13/2023 5:00,3.093333333,0.0,0
5/13/2023 6:00,3.25,0.0,0
5/13/2023 7:00,3.345,0.0,0
5/13/2023 8:00,3.38,0.0,0
5/13/2023 9:00,3.55,0.0,0
5/13/2023 10:00,3.68,0.0,0
5/13/2023 11:00,3.69,0.0,0
5/13/2023 12:00,3.635,0.06,0
5/13/2023 13:00,4.386666667,0.0,0
5/13/2023 14:00,4.105,0.0,0
5/13/2023 15:00,4.793333333,0.2,0
5/13/2023 16:00,7.208333333,0.0,0
5/13/2023 17:00,5.481666667,0.0,0
5/13/2023 18:00,4.98,0.0,0
5/13/2023 19:00,4.646666667,0.0,0
5/13/2023 20:00,5.9857044361712735,0.0,1
5/13/2023 21:00,6.97116598090094,0.02,1
5/13/2023 22:00,7.885144317629946,0.0,1
5/13/2023 23:00,6.224871889913364,0.0,1
5/14/2023 0:00,4.235,0.0,0
5/14/2023 1:00,4.26,0.0,0
5/14/2023 2:00,4.2,0.02,0
5/14/2023 3:00,4.321666667,0.0,0
5/14/2023 4:00,4.26,0.04,0
5/14/2023 5:00,4.668333333,0.0,0
5/14/2023 6:00,4.654,0.02,0
5/14/2023 7:00,4.802,0.28,0
5/14/2023 8:00,20.48666667,0.0,0
5/14/2023 9:00,9.021666667,0.0,1
5/14/2023 10:00,21.05666667,0.28,0
5/14/2023 11:00,24.413,0.04,0
5/14/2023 12:00,24.34,0.0,0
5/14/2023 13:00,24.41666667,0.0,0
5/14/2023 14:00,25.0,0.0,1
5/14/2023 15:00,25.0,0.0,1
5/14/2023 16:00,25.0,0.0,1
5/14/2023 17:00,25.0,0.12,0
5/14/2023 18:00,13.51166667,0.0,0
5/14/2023 19:00,5.055,0.0,0
5/14/2023 20:00,4.803333333,0.02,0
5/14/2023 21:00,8.386709791336608,0.0,1
5/14/2023 22:00,7.056217155605301,0.0,1
5/14/2023 23:00,4.461666667,0.0,0
5/15/2023 0:00,4.274,0.0,0
5/15/2023 1:00,4.168333333,0.0,0
5/15/2023 2:00,4.04,0.0,0
5/15/2023 3:00,4.0,0.0,0
5/15/2023 4:00,3.964,0.0,0
5/15/2023 5:00,3.95,0.0,0
5/15/2023 6:00,3.988,0.0,0
5/15/2023 7:00,4.073333333,0.0,0
5/15/2023 8:00,4.02,0.0,0
5/15/2023 9:00,3.886666667,0.0,0
5/15/2023 10:00,3.833333333,0.0,0
5/15/2023 11:00,3.99,0.0,0
5/15/2023 12:00,3.94,0.0,0
5/15/2023 13:00,3.896666667,0.0,0
5/15/2023 14:00,3.8,0.04,0
5/15/2023 15:00,3.896666667,0.0,0
5/15/2023 16:00,5.136666667,0.0,0
5/15/2023 17:00,6.293333333,0.0,0
5/15/2023 18:00,5.303333333,0.0,0
5/15/2023 19:00,9.605141901399646,0.0,1
5/15/2023 20:00,9.313750977459724,0.0,1
5/15/2023 21:00,7.088074902085565,0.0,1
5/15/2023 22:00,4.551666667,0.0,0
5/15/2023 23:00,4.464,0.0,0
5/16/2023 0:00,4.398333333,0.0,0
5/16/2023 1:00,4.2,0.0,0
5/16/2023 2:00,4.074,0.0,0
5/16/2023 3:00,4.06,0.0,0
5/16/2023 4:00,4.024,0.0,0
5/16/2023 5:00,3.99,0.0,0
5/16/2023 6:00,4.106666667,0.0,0
5/16/2023 7:00,4.166666667,0.0,0
5/16/2023 8:00,4.05,0.0,0
5/16/2023 9:00,4.116666667,0.0,0
5/16/2023 10:00,4.112,0.0,0
5/16/2023 11:00,4.126666667,0.0,0
5/16/2023 12:00,3.938333333,0.0,0
5/16/2023 13:00,3.896666667,0.0,0
5/16/2023 14:00,3.888333333,0.0,0
5/16/2023 15:00,3.853333333,0.0,0
5/16/2023 16:00,3.831666667,0.0,0
5/16/2023 17:00,4.093333333,0.18,0
5/16/2023 18:00,4.396666667,0.0,0
5/16/2023 19:00,4.55,0.0,0
5/16/2023 20:00,4.648333333,0.0,0
5/16/2023 21:00,6.545260412428723,0.0,1
5/16/2023 22:00,6.949764936282882,0.0,1
5/16/2023 23:00,4.198333333,0.0,0
5/17/2023 0:00,4.106666667,0.0,0
5/17/2023 1:00,3.97,0.0,0
5/17/2023 2:00,3.86,0.0,0
5/17/2023 3:00,3.8,0.0,0
5/17/2023 4:00,3.73,0.0,0
5/17/2023 5:00,3.73,0.0,0
5/17/2023 6:00,3.904,0.0,0
5/17/2023 7:00,4.065,0.0,0
5/17/2023 8:00,3.98,0.0,0
5/17/2023 9:00,3.91,0.0,0
5/17/2023 10:00,3.98,0.0,0
5/17/2023 11:00,3.91,0.0,0
5/17/2023 12:00,3.821666667,0.0,0
5/17/2023 13:00,3.916666667,0.0,0
5/17/2023 14:00,3.886666667,0.0,0
5/17/2023 15:00,3.66,0.0,0
5/17/2023 16:00,3.726,0.0,0
5/17/2023 17:00,3.791666667,0.0,0
5/17/2023 18:00,3.751666667,0.0,0
5/17/2023 19:00,3.743333333,0.0,0
5/17/2023 20:00,3.866666667,0.0,0
5/17/2023 21:00,3.958333333,0.0,0
5/17/2023 22:00,3.786,0.0,0
5/17/2023 23:00,3.731666667,0.0,0
5/18/2023 0:00,3.64,0.0,0
5/18/2023 1:00,3.491666667,0.0,0
5/18/2023 2:00,3.31,0.0,0
5/18/2023 3:00,3.3,0.0,0
5/18/2023 4:00,3.2,0.0,0
5/18/2023 5:00,3.281666667,0.0,0
5/18/2023 6:00,3.43,0.0,0
5/18/2023 7:00,3.668333333,0.0,0
5/18/2023 8:00,3.666,0.0,0
5/18/2023 9:00,3.563333333,0.0,0
5/18/2023 10:00,3.8275,0.0,0
5/18/2023 11:00,3.583333333,0.0,0
5/18/2023 12:00,3.585,0.0,0
5/18/2023 13:00,3.721666667,0.0,0
5/18/2023 14:00,3.626666667,0.0,0
5/18/2023 15:00,3.64,0.0,0
5/18/2023 16:00,3.69,0.0,0
5/18/2023 17:00,3.616666667,0.0,0
5/18/2023 18:00,3.573333333,0.0,0
5/18/2023 19:00,3.718333333,0.0,0
5/18/2023 20:00,3.701666667,0.0,0
5/18/2023 21:00,3.761666667,0.0,0
5/18/2023 22:00,3.791666667,0.0,0
5/18/2023 23:00,3.676,0.0,0
5/19/2023 0:00,5.0335795917982855,0.0,1
5/19/2023 1:00,3.283333333,0.0,0
5/19/2023 2:00,3.156666667,0.0,0
5/19/2023 3:00,3.03,0.0,0
5/19/2023 4:00,3.0,0.0,0
5/19/2023 5:00,3.073333333,0.0,0
5/19/2023 6:00,3.464,0.0,0
5/19/2023 7:00,3.376666667,0.0,0
5/19/2023 8:00,3.41,0.0,0
5/19/2023 9:00,3.585,0.0,0
5/19/2023 10:00,3.455,0.0,0
5/19/2023 11:00,3.35,0.0,0
5/19/2023 12:00,5.866815593284335,0.0,1
5/19/2023 13:00,6.123079610139187,0.0,1
5/19/2023 14:00,3.23,0.0,0
5/19/2023 15:00,3.396666667,0.0,0
5/19/2023 16:00,3.396666667,0.0,0
5/19/2023 17:00,3.378333333,0.0,0
5/19/2023 18:00,3.43,0.0,0
5/19/2023 19:00,3.605,0.0,0
5/19/2023 20:00,3.53,0.0,0
5/19/2023 21:00,3.48,0.0,0
5/19/2023 22:00,3.615,0.0,0
5/19/2023 23:00,3.7,0.0,0
5/20/2023 0:00,3.273333333,0.0,0
5/20/2023 1:00,3.21,0.0,0
5/20/2023 2:00,3.064,0.0,0
5/20/2023 3:00,2.96,0.0,0
5/20/2023 4:00,3.0,0.0,0
5/20/2023 5:00,2.833333333,0.0,0
5/20/2023 6:00,2.918333333,0.0,0
5/20/2023 7:00,3.105,0.0,0
5/20/2023 8:00,3.392,0.0,0
5/20/2023 9:00,3.928333333,0.0,0
5/20/2023 10:00,3.514,0.0,0
5/20/2023 11:00,3.523333333,0.0,0
5/20/2023 12:00,3.343333333,0.0,0
5/20/2023 13:00,3.395,0.0,0
5/20/2023 14:00,3.44,0.0,0
5/20/2023 15:00,3.366666667,0.0,0
5/20/2023 16:00,3.448333333,0.0,0
5/20/2023 17:00,3.638333333,0.0,0
5/20/2023 18:00,3.69,0.0,0
5/20/2023 19:00,3.438333333,0.0,0
5/20/2023 20:00,3.303333333,0.0,0
5/20/2023 21:00,3.26,0.0,0
5/20/2023 22:00,3.178333333,0.0,0
5/20/2023 23:00,3.168333333,0.0,0
5/21/2023 0:00,3.2,0.0,0
5/21/2023 1:00,3.13,0.0,0
5/21/2023 2:00,3.124,0.0,0
5/21/2023 3:00,3.001666667,0.0,0
5/21/2023 4:00,2.898333333,0.0,0
5/21/2023 5:00,2.77,0.0,0
5/21/2023 6:00,2.77,0.0,0
5/21/2023 7:00,2.853333333,0.0,0
5/21/2023 8:00,3.19,0.0,0
5/21/2023 9:00,3.365,0.0,0
5/21/2023 10:00,3.51,0.0,0
5/21/2023 11:00,3.521666667,0.0,0
5/21/2023 12:00,3.312,0.0,0
5/21/2023 13:00,3.5,0.0,0
5/21/2023 14:00,3.43,0.0,0
5/21/2023 15:00,3.375,0.0,0
5/21/2023 16:00,3.355,0.0,0
5/21/2023 17:00,3.42,0.0,0
5/21/2023 18:00,3.464,0.0,0
5/21/2023 19:00,3.595,0.0,0
5/21/2023 20:00,3.52,0.0,0
5/21/2023 21:00,3.605,0.0,0
5/21/2023 22:00,3.606666667,0.0,0
5/21/2023 23:00,3.485,0.0,0
5/22/2023 0:00,3.405,0.0,0
5/22/2023 1:00,3.271666667,0.0,0
5/22/2023 2:00,3.156666667,0.0,0
5/22/2023 3:00,2.852,0.0,0
5/22/2023 4:00,2.77,0.0,0
5/22/2023 5:00,2.81,0.0,0
5/22/2023 6:00,3.045,0.0,0
5/22/2023 7:00,3.426,0.0,0
5/22/2023 8:00,3.128333333,0.0,0
5/22/2023 9:00,3.345,0.0,0
5/22/2023 10:00,3.298,0.0,0
5/22/2023 11:00,3.158333333,0.0,0
5/22/2023 12:00,3.408333333,0.0,0
5/22/2023 13:00,3.563333333,0.0,0
5/22/2023 14:00,3.293333333,0.0,0
5/22/2023 15:00,3.158333333,0.0,0
5/22/2023 16:00,3.291666667,0.0,0
5/22/2023 17:00,3.241666667,0.0,0
5/22/2023 18:00,3.395,0.0,0
5/22/2023 19:00,3.228333333,0.0,0
5/22/2023 20:00,3.22,0.0,0
5/22/2023 21:00,3.452,0.0,0
5/22/2023 22:00,3.458333333,0.0,0
5/22/2023 23:00,3.251666667,0.0,0
5/23/2023 0:00,3.055,0.0,0
5/23/2023 1:00,2.86,0.0,0
5/23/2023 2:00,2.886666667,0.0,0
5/23/2023 3:00,2.786,0.0,0
5/23/2023 4:00,2.616666667,0.0,0
5/23/2023 5:00,2.811666667,0.0,0
5/23/2023 6:00,3.251666667,0.0,0
5/23/2023 7:00,3.196666667,0.0,0
5/23/2023 8:00,3.262,0.0,0
5/23/2023 9:00,3.321666667,0.0,0
5/23/2023 10:00,3.135,0.0,0
5/23/2023 11:00,3.283333333,0.0,0
5/23/2023 12:00,3.418333333,0.0,0
5/23/2023 13:00,3.378333333,0.0,0
5/23/2023 14:00,3.408333333,0.0,0
5/23/2023 15:00,3.125,0.0,0
5/23/2023 16:00,3.061666667,0.0,0
5/23/2023 17:00,2.95,0.0,0
5/23/2023 18:00,3.1,0.0,0
5/23/2023 19:00,3.365,0.0,0
5/23/2023 20:00,3.25,0.0,0
5/23/2023 21:00,3.385,0.0,0
5/23/2023 22:00,3.138333333,0.0,0
5/23/2023 23:00,3.074,0.0,0
5/24/2023 0:00,3.053333333,0.0,0
5/24/2023 1:00,2.94,0.0,0
5/24/2023 2:00,2.72,0.0,0
5/24/2023 3:00,2.616,0.0,0
5/24/2023 4:00,2.52,0.0,0
5/24/2023 5:00,2.548,0.0,0
5/24/2023 6:00,2.928333333,0.0,0
5/24/2023 7:00,3.041666667,0.0,0
5/24/2023 8:00,3.021666667,0.0,0
5/24/2023 9:00,2.95,0.0,0
5/24/2023 10:00,3.11,0.0,0
5/24/2023 11:00,3.146666667,0.0,0
5/24/2023 12:00,3.303333333,0.0,0
5/24/2023 13:00,3.01,0.0,0
5/24/2023 14:00,3.356666667,0.0,0
5/24/2023 15:00,3.335,0.0,0
5/24/2023 16:00,3.011666667,0.0,0
5/24/2023 17:00,3.126666667,0.0,0
5/24/2023 18:00,3.25,0.0,0
5/24/2023 19:00,3.116666667,0.0,0
5/24/2023 20:00,3.226,0.0,0
5/24/2023 21:00,3.365,0.0,0
5/24/2023 22:00,3.305,0.0,0
5/24/2023 23:00,3.166,0.0,0
5/25/2023 0:00,2.958333333,0.0,0
5/25/2023 1:00,2.805,0.0,0
5/25/2023 2:00,2.77,0.0,0
5/25/2023 3:00,2.573333333,0.0,0
5/25/2023 4:00,2.51,0.0,0
5/25/2023 5:00,2.404,0.0,0
5/25/2023 6:00,2.741666667,0.0,0
5/25/2023 7:00,2.971666667,0.0,0
5/25/2023 8:00,3.053333333,0.0,0
5/25/2023 9:00,2.988,0.0,0
5/25/2023 10:00,3.01,0.0,0
5/25/2023 11:00,3.125,0.0,0
5/25/2023 12:00,3.045,0.0,0
5/25/2023 13:00,2.991666667,0.0,0
5/25/2023 14:00,3.374,0.0,0
5/25/2023 15:00,2.884285714,0.0,0
5/25/2023 16:00,2.976,0.0,0
5/25/2023 17:00,2.823333333,0.0,0
5/25/2023 18:00,2.823333333,0.0,0
5/25/2023 19:00,3.073333333,0.0,0
5/25/2023 20:00,2.981666667,0.0,0
5/25/2023 21:00,3.053333333,0.0,0
5/25/2023 22:00,3.168333333,0.0,0
5/25/2023 23:00,3.088,0.0,0
5/26/2023 0:00,2.865,0.0,0
5/26/2023 1:00,2.69,0.0,0
5/26/2023 2:00,2.668333333,0.0,0
5/26/2023 3:00,2.476,0.0,0
5/26/2023 4:00,2.43,0.0,0
5/26/2023 5:00,2.561666667,0.0,0
5/26/2023 6:00,5.164715657615976,0.0,1
5/26/2023 7:00,3.158333333,0.0,0
5/26/2023 8:00,2.835,0.0,0
5/26/2023 9:00,2.978333333,0.0,0
5/26/2023 10:00,3.146666667,0.0,0
5/26/2023 11:00,3.228,0.0,0
5/26/2023 12:00,3.323333333,0.0,0
5/26/2023 13:00,3.125,0.0,0
5/26/2023 14:00,3.01,0.0,0
5/26/2023 15:00,3.303333333,0.0,0
5/26/2023 16:00,2.99,0.0,0
5/26/2023 17:00,3.135,0.0,0
5/26/2023 18:00,3.16,0.0,0
5/26/2023 19:00,3.126666667,0.0,0
5/26/2023 20:00,3.093333333,0.0,0
5/26/2023 21:00,3.26,0.0,0
5/26/2023 22:00,3.178,0.0,0
5/26/2023 23:00,3.024,0.0,0
5/27/2023 0:00,2.928333333,0.0,0
5/27/2023 1:00,3.138333333,0.0,0
5/27/2023 2:00,2.865,0.0,0
5/27/2023 3:00,2.801666667,0.0,0
5/27/2023 4:00,2.67,0.0,0
5/27/2023 5:00,5.188153245338041,0.0,1
5/27/2023 6:00,4.43914323091462,0.0,1
5/27/2023 7:00,4.143700325718836,0.0,1
5/27/2023 8:00,2.72,0.0,0
5/27/2023 9:00,2.95,0.0,0
5/27/2023 10:00,3.178333333,0.0,0
5/27/2023 11:00,3.24,0.0,0
5/27/2023 12:00,3.313333333,0.0,0
5/27/2023 13:00,3.271666667,0.0,0
5/27/2023 14:00,3.116666667,0.0,0
5/27/2023 15:00,3.22,0.0,0
5/27/2023 16:00,3.261666667,0.0,0
5/27/2023 17:00,3.135,0.0,0
5/27/2023 18:00,3.18,0.0,0
5/27/2023 19:00,3.146666667,0.0,0
5/27/2023 20:00,3.128333333,0.0,0
5/27/2023 21:00,3.19,0.0,0
5/27/2023 22:00,3.0325,0.0,0
5/27/2023 23:00,2.888333333,0.0,0
5/28/2023 0:00,2.783333333,0.0,0
5/28/2023 1:00,2.761666667,0.0,0
5/28/2023 2:00,2.94,0.0,0
5/28/2023 3:00,2.74,0.0,0
5/28/2023 4:00,2.645,0.0,0
5/28/2023 5:00,2.588,0.0,0
5/28/2023 6:00,2.575,0.0,0
5/28/2023 7:00,2.648333333,0.0,0
5/28/2023 8:00,2.655,0.0,0
5/28/2023 9:00,3.028,0.0,0
5/28/2023 10:00,2.926666667,0.0,0
5/28/2023 11:00,2.97,0.0,0
5/28/2023 12:00,2.94,0.0,0
5/28/2023 13:00,3.106666667,0.0,0
5/28/2023 14:00,2.99,0.0,0
5/28/2023 15:00,2.801666667,0.0,0
5/28/2023 16:00,2.835,0.0,0
5/28/2023 17:00,2.77,0.0,0
5/28/2023 18:00,2.93,0.0,0
5/28/2023 19:00,2.865,0.0,0
5/28/2023 20:00,3.086666667,0.0,0
5/28/2023 21:00,2.866,0.0,0
5/28/2023 22:00,2.856666667,0.0,0
5/28/2023 23:00,5.406099413618664,0.0,1
5/29/2023 0:00,4.481065483906811,0.0,1
5/29/2023 1:00,2.952,0.0,0
5/29/2023 2:00,2.658333333,0.0,0
5/29/2023 3:00,2.625,0.0,0
5/29/2023 4:00,2.41,0.0,0
5/29/2023 5:00,2.38,0.0,0
5/29/2023 6:00,2.345,0.0,0
5/29/2023 7:00,2.466,0.0,0
5/29/2023 8:00,2.69,0.0,0
5/29/2023 9:00,2.865,0.0,0
5/29/2023 10:00,2.96,0.0,0
5/29/2023 11:00,3.011666667,0.0,0
5/29/2023 12:00,3.0,0.0,0
5/29/2023 13:00,3.2,0.0,0
5/29/2023 14:00,3.146666667,0.0,0
5/29/2023 15:00,2.98,0.0,0
5/29/2023 16:00,3.0,0.0,0
5/29/2023 17:00,3.052,0.0,0
5/29/2023 18:00,3.188333333,0.0,0
5/29/2023 19:00,3.013333333,0.0,0
5/29/2023 20:00,3.105,0.0,0
5/29/2023 21:00,3.166666667,0.0,0
5/29/2023 22:00,3.178,0.0,0
5/29/2023 23:00,3.002,0.0,0
5/30/2023 0:00,3.013333333,0.0,0
5/30/2023 1:00,2.938333333,0.0,0
5/30/2023 2:00,2.676666667,0.0,0
5/30/2023 3:00,2.428,0.0,0
5/30/2023 4:00,2.44,0.0,0
5/30/2023 5:00,2.47,0.0,0
5/30/2023 6:00,2.781666667,0.0,0
5/30/2023 7:00,3.1,0.0,0
5/30/2023 8:00,3.105,0.0,0
5/30/2023 9:00,2.896666667,0.0,0
5/30/2023 10:00,3.125,0.0,0
5/30/2023 11:00,3.2,0.0,0
5/30/2023 12:00,2.845,0.0,0
5/30/2023 13:00,2.916,0.0,0
5/30/2023 14:00,2.78,0.0,0
5/30/2023 15:00,2.918333333,0.0,0
5/30/2023 16:00,3.075,0.0,0
5/30/2023 17:00,2.918333333,0.0,0
5/30/2023 18:00,2.886666667,0.0,0
5/30/2023 19:00,3.001666667,0.0,0
5/30/2023 20:00,3.073333333,0.0,0
5/30/2023 21:00,3.124,0.0,0
5/30/2023 22:00,3.114,0.0,0
5/30/2023 23:00,3.01,0.0,0
5/31/2023 0:00,2.825,0.0,0
5/31/2023 1:00,2.49,0.0,0
5/31/2023 2:00,2.56,0.0,0
5/31/2023 3:00,2.452,0.0,0
5/31/2023 4:00,2.45,0.0,0
5/31/2023 5:00,2.553333333,0.0,0
5/31/2023 6:00,2.791666667,0.0,0
5/31/2023 7:00,3.1,0.0,0
5/31/2023 8:00,3.063333333,0.0,0
5/31/2023 9:00,3.0,0.0,0
5/31/2023 10:00,3.062,0.0,0
5/31/2023 11:00,3.202,0.0,0
5/31/2023 12:00,3.291666667,0.0,0
5/31/2023 13:00,3.116666667,0.0,0
5/31/2023 14:00,3.071666667,0.06,0
5/31/2023 15:00,3.086,0.0,0
5/31/2023 16:00,3.2,0.0,0
5/31/2023 17:00,3.138,0.0,0
5/31/2023 18:00,3.17,0.0,0
5/31/2023 19:00,3.23,0.0,0
5/31/2023 20:00,3.21,0.0,0
5/31/2023 21:00,3.204,0.0,0
5/31/2023 22:00,3.302,0.0,0
5/31/2023 23:00,3.073333333,0.0,0
6/1/2023 0:00,3.0,0.0,0
6/1/2023 1:00,2.97,0.0,0
6/1/2023 2:00,2.898333333,0.0,0
6/1/2023 3:00,2.76,0.0,0
6/1/2023 4:00,2.69,0.0,0
6/1/2023 5:00,2.85,0.0,0
6/1/2023 6:00,2.96,0.0,0
6/1/2023 7:00,3.021666667,0.0,0
6/1/2023 8:00,3.261666667,0.0,0
6/1/2023 9:00,3.114,0.0,0
6/1/2023 10:00,3.115,0.0,0
6/1/2023 11:00,2.99,0.0,0
6/1/2023 12:00,3.178333333,0.0,0
6/1/2023 13:00,3.146666667,0.0,0
6/1/2023 14:00,2.97,0.0,0
6/1/2023 15:00,3.0,0.0,0
6/1/2023 16:00,2.98,0.0,0
6/1/2023 17:00,2.771666667,0.0,0
6/1/2023 18:00,3.021666667,0.0,0
6/1/2023 19:00,2.971666667,0.0,0
6/1/2023 20:00,3.043333333,0.0,0
6/1/2023 21:00,2.978,0.0,0
6/1/2023 22:00,3.064,0.0,0
6/1/2023 23:00,2.98,0.0,0
6/2/2023 0:00,2.803333333,0.0,0
6/2/2023 1:00,2.646666667,0.0,0
6/2/2023 2:00,2.45,0.0,0
6/2/2023 3:00,2.481666667,0.0,0
6/2/2023 4:00,2.38,0.0,0
6/2/2023 5:00,2.38,0.0,0
6/2/2023 6:00,2.54,0.0,0
6/2/2023 7:00,2.908333333,0.0,0
6/2/2023 8:00,2.821666667,0.0,0
6/2/2023 9:00,2.914,0.0,0
6/2/2023 10:00,2.958333333,0.0,0
6/2/2023 11:00,3.02,0.0,0
6/2/2023 12:00,3.011666667,0.0,0
6/2/2023 13:00,3.128333333,0.0,0
6/2/2023 14:00,3.273333333,0.0,0
6/2/2023 15:00,3.033333333,0.0,0
6/2/2023 16:00,3.136666667,0.0,0
6/2/2023 17:00,3.041666667,0.0,0
6/2/2023 18:00,3.073333333,0.0,0
6/2/2023 19:00,3.176,0.0,0
6/2/2023 20:00,3.198333333,0.0,0
6/2/2023 21:00,3.01,0.0,0
6/2/2023 22:00,3.014,0.0,0
6/2/2023 23:00,3.063333333,0.0,0
6/3/2023 0:00,3.142,0.0,0
6/3/2023 1:00,3.0,0.0,0
6/3/2023 2:00,2.762,0.0,0
6/3/2023 3:00,2.73,0.0,0
6/3/2023 4:00,2.67,0.0,0
6/3/2023 5:00,2.65,0.0,0
6/3/2023 6:00,2.763333333,0.0,0
6/3/2023 7:00,2.876,0.0,0
6/3/2023 8:00,3.095,0.0,0
6/3/2023 9:00,3.083333333,0.0,0
6/3/2023 10:00,3.18,0.0,0
6/3/2023 11:00,3.262,0.0,0
6/3/2023 12:00,3.136666667,0.0,0
6/3/2023 13:00,3.19,0.0,0
6/3/2023 14:00,3.073333333,0.0,0
6/3/2023 15:00,3.01,0.0,0
6/3/2023 16:00,3.095,0.0,0
6/3/2023 17:00,3.2,0.0,0
6/3/2023 18:00,3.16,0.0,0
6/3/2023 19:00,3.115,0.0,0
6/3/2023 20:00,3.083333333,0.0,0
6/3/2023 21:00,3.224,0.0,0
6/3/2023 22:00,3.02,0.0,0
6/3/2023 23:00,3.105,0.0,0
6/4/2023 0:00,3.0,0.0,0
6/4/2023 1:00,3.01,0.24,0
6/4/2023 2:00,7.116666667,0.12,0
6/4/2023 3:00,5.95,0.08,0
6/4/2023 4:00,5.538,0.02,0
6/4/2023 5:00,4.741666667,0.0,0
6/4/2023 6:00,4.202,0.0,0
6/4/2023 7:00,3.95,0.0,0
6/4/2023 8:00,3.813333333,0.0,0
6/4/2023 9:00,3.76,0.0,0
6/4/2023 10:00,3.71,0.0,0
6/4/2023 11:00,3.605,0.0,0
6/4/2023 12:00,3.541666667,0.0,0
6/4/2023 13:00,3.585,0.0,0
6/4/2023 14:00,3.376666667,0.0,0
6/4/2023 15:00,3.356666667,0.0,0
6/4/2023 16:00,3.336666667,0.0,0
6/4/2023 17:00,3.402,0.0,0
6/4/2023 18:00,3.345,0.0,0
6/4/2023 19:00,3.51,0.0,0
6/4/2023 20:00,3.47,0.0,0
6/4/2023 21:00,3.47,0.0,0
6/4/2023 22:00,3.345,0.0,0
6/4/2023 23:00,3.21,0.0,0
6/5/2023 0:00,3.095,0.0,0
6/5/2023 1:00,3.031666667,0.0,0
6/5/2023 2:00,2.988,0.0,0
6/5/2023 3:00,2.9,0.0,0
6/5/2023 4:00,2.89,0.0,0
6/5/2023 5:00,2.833333333,0.0,0
6/5/2023 6:00,2.976,0.0,0
6/5/2023 7:00,3.135,0.0,0
6/5/2023 8:00,3.21,0.0,0
6/5/2023 9:00,3.043333333,0.0,0
6/5/2023 10:00,3.18,0.0,0
6/5/2023 11:00,3.125,0.0,0
6/5/2023 12:00,3.063333333,0.0,0
6/5/2023 13:00,2.98,0.0,0
6/5/2023 14:00,3.035,0.0,0
6/5/2023 15:00,3.178333333,0.0,0
6/5/2023 16:00,3.033333333,0.0,0
6/5/2023 17:00,3.154,0.0,0
6/5/2023 18:00,3.085,0.0,0
6/5/2023 19:00,3.075,0.0,0
6/5/2023 20:00,3.073333333,0.0,0
6/5/2023 21:00,3.3,0.0,0
6/5/2023 22:00,3.231666667,0.0,0
6/5/2023 23:00,3.106666667,0.0,0
6/6/2023 0:00,2.951666667,0.0,0
6/6/2023 1:00,2.75,0.0,0
6/6/2023 2:00,2.666,0.0,0
6/6/2023 3:00,2.573333333,0.0,0
6/6/2023 4:00,2.524,0.0,0
6/6/2023 5:00,2.51,0.0,0
6/6/2023 6:00,2.795,0.0,0
6/6/2023 7:00,2.876,0.0,0
6/6/2023 8:00,2.914,0.0,0
6/6/2023 9:00,2.95,0.0,0
6/6/2023 10:00,2.991666667,0.0,0
6/6/2023 11:00,3.075,0.0,0
6/6/2023 12:00,3.21,0.0,0
6/6/2023 13:00,3.106666667,0.0,0
6/6/2023 14:00,3.156666667,0.0,0
6/6/2023 15:00,3.073333333,0.0,0
6/6/2023 16:00,2.958333333,0.0,0
6/6/2023 17:00,2.938333333,0.02,0
6/6/2023 18:00,3.156666667,0.0,0
6/6/2023 19:00,3.055,0.0,0
6/6/2023 20:00,3.218333333,0.0,0
6/6/2023 21:00,3.188,0.0,0
6/6/2023 22:00,3.095,0.0,0
6/6/2023 23:00,2.91,0.0,0
6/7/2023 0:00,2.91,0.0,0
6/7/2023 1:00,2.77,0.0,0
6/7/2023 2:00,2.614,0.0,0
6/7/2023 3:00,2.573333333,0.0,0
6/7/2023 4:00,2.5,0.0,0
6/7/2023 5:00,2.491666667,0.0,0
6/7/2023 6:00,2.71,0.0,0
6/7/2023 7:00,2.866666667,0.0,0
6/7/2023 8:00,3.0175,0.0,0
6/7/2023 9:00,3.001666667,0.0,0
6/7/2023 10:00,2.843333333,0.0,0
6/7/2023 11:00,3.166666667,0.0,0
6/7/2023 12:00,3.086666667,0.0,0
6/7/2023 13:00,2.866666667,0.0,0
6/7/2023 14:00,3.021666667,0.0,0
6/7/2023 15:00,2.94,0.0,0
6/7/2023 16:00,2.97,0.0,0
6/7/2023 17:00,2.916666667,0.02,0
6/7/2023 18:00,3.055,0.0,0
6/7/2023 19:00,3.04,0.0,0
6/7/2023 20:00,3.03,0.0,0
6/7/2023 21:00,3.21,0.0,0
6/7/2023 22:00,2.99,0.0,0
6/7/2023 23:00,2.97,0.0,0
6/8/2023 0:00,3.015,0.0,0
6/8/2023 1:00,2.741666667,0.0,0
6/8/2023 2:00,2.583333333,0.0,0
6/8/2023 3:00,2.48,0.0,0
6/8/2023 4:00,2.44,0.0,0
6/8/2023 5:00,2.5,0.0,0
6/8/2023 6:00,2.678333333,0.0,0
6/8/2023 7:00,2.845,0.0,0
6/8/2023 8:00,2.902,0.0,0
6/8/2023 9:00,2.781666667,0.0,0
6/8/2023 10:00,3.001666667,0.0,0
6/8/2023 11:00,3.333333333,0.0,0
6/8/2023 12:00,3.28,0.0,0
6/8/2023 13:00,3.135,0.0,0
6/8/2023 14:00,3.075,0.0,0
6/8/2023 15:00,3.085,0.0,0
6/8/2023 16:00,2.902,0.0,0
6/8/2023 17:00,2.845,0.0,0
6/8/2023 18:00,4.595,0.22,0
6/8/2023 19:00,5.033333333,0.0,0
6/8/2023 20:00,4.176666667,0.0,0
6/8/2023 21:00,3.964,0.0,0
6/8/2023 22:00,3.845,0.0,0
6/8/2023 23:00,3.531666667,0.0,0
6/9/2023 0:00,3.345,0.0,0
6/9/2023 1:00,3.253333333,0.0,0
6/9/2023 2:00,3.06,0.0,0
6/9/2023 3:00,3.073333333,0.0,0
6/9/2023 4:00,2.94,0.0,0
6/9/2023 5:00,3.01,0.0,0
6/9/2023 6:00,3.14,0.0,0
6/9/2023 7:00,3.17,0.0,0
6/9/2023 8:00,3.128,0.0,0
6/9/2023 9:00,3.093333333,0.0,0
6/9/2023 10:00,3.02,0.0,0
6/9/2023 11:00,3.053333333,0.0,0
6/9/2023 12:00,3.164,0.0,0
6/9/2023 13:00,3.24,0.0,0
6/9/2023 14:00,3.168333333,0.0,0
6/9/2023 15:00,3.116666667,0.0,0
6/9/2023 16:00,3.27,0.0,0
6/9/2023 17:00,3.29,0.0,0
6/9/2023 18:00,3.388,0.0,0
6/9/2023 19:00,3.113333333,0.0,0
6/9/2023 20:00,3.333333333,0.0,0
6/9/2023 21:00,3.25,0.0,0
6/9/2023 22:00,3.208333333,0.0,0
6/9/2023 23:00,3.158333333,0.0,0
6/10/2023 0:00,5.465419015815293,0.0,1
6/10/2023 1:00,4.5130358009433245,0.0,1
6/10/2023 2:00,3.7992100842210785,0.0,1
6/10/2023 3:00,5.735070863419124,0.0,1
6/10/2023 4:00,2.73,0.0,0
6/10/2023 5:00,2.791666667,0.0,0
6/10/2023 6:00,2.864,0.0,0
6/10/2023 7:00,2.95,0.0,0
6/10/2023 8:00,2.97,0.0,0
6/10/2023 9:00,3.115,0.0,0
6/10/2023 10:00,3.333333333,0.0,0
6/10/2023 11:00,3.346666667,0.0,0
6/10/2023 12:00,3.488,0.0,0
6/10/2023 13:00,3.49,0.0,0
6/10/2023 14:00,3.388333333,0.0,0
6/10/2023 15:00,3.301666667,0.0,0
6/10/2023 16:00,3.396666667,0.0,0
6/10/2023 17:00,3.264,0.0,0
6/10/2023 18:00,3.376666667,0.0,0
6/10/2023 19:00,3.42,0.0,0
6/10/2023 20:00,3.26,0.0,0
6/10/2023 21:00,3.338,0.0,0
6/10/2023 22:00,3.338,0.04,0
6/10/2023 23:00,3.406666667,0.0,0
6/11/2023 0:00,3.23,0.0,0
6/11/2023 1:00,3.191666667,0.02,0
6/11/2023 2:00,3.283333333,0.0,0
6/11/2023 3:00,3.25,0.0,0
6/11/2023 4:00,3.14,0.0,0
6/11/2023 5:00,3.06,0.0,0
6/11/2023 6:00,3.06,0.0,0
6/11/2023 7:00,3.093333333,0.0,0
6/11/2023 8:00,3.235,0.0,0
6/11/2023 9:00,3.25,0.0,0
6/11/2023 10:00,3.45,0.0,0
6/11/2023 11:00,3.45,0.0,0
6/11/2023 12:00,3.378333333,0.0,0
6/11/2023 13:00,3.406666667,0.0,0
6/11/2023 14:00,3.355,0.0,0
6/11/2023 15:00,3.438333333,0.0,0
6/11/2023 16:00,3.43,0.0,0
6/11/2023 17:00,3.39,0.0,0
6/11/2023 18:00,3.416,0.0,0
6/11/2023 19:00,3.47,0.0,0
6/11/2023 20:00,3.46,0.0,0
6/11/2023 21:00,3.493333333,0.0,0
6/11/2023 22:00,3.335,0.0,0
6/11/2023 23:00,3.364,0.0,0
6/12/2023 0:00,3.323333333,0.0,0
6/12/2023 1:00,3.16,0.0,0
6/12/2023 2:00,3.15,0.0,0
6/12/2023 3:00,3.06,0.0,0
6/12/2023 4:00,3.053333333,0.0,0
6/12/2023 5:00,2.97,0.0,0
6/12/2023 6:00,3.093333333,0.0,0
6/12/2023 7:00,3.241666667,0.0,0
6/12/2023 8:00,3.083333333,0.0,0
6/12/2023 9:00,3.063333333,0.0,0
6/12/2023 10:00,3.158333333,0.0,0
6/12/2023 11:00,3.085,0.0,0
6/12/2023 12:00,3.096666667,0.0,0
6/12/2023 13:00,3.023333333,0.0,0
6/12/2023 14:00,2.845,0.0,0
6/12/2023 15:00,2.92,0.0,0
6/12/2023 16:00,2.94,0.0,0
6/12/2023 17:00,3.075,0.0,0
6/12/2023 18:00,3.014,0.0,0
6/12/2023 19:00,2.918333333,0.0,0
6/12/2023 20:00,3.052,0.0,0
6/12/2023 21:00,3.24,0.0,0
6/12/2023 22:00,3.065,0.0,0
6/12/2023 23:00,4.143462703321173,0.0,1
6/13/2023 0:00,5.686859356436017,0.0,1
6/13/2023 1:00,5.558775495079596,0.0,1
6/13/2023 2:00,2.635,0.0,0
6/13/2023 3:00,2.48,0.0,0
6/13/2023 4:00,2.46,0.0,0
6/13/2023 5:00,2.48,0.0,0
6/13/2023 6:00,2.616,0.0,0
6/13/2023 7:00,2.865,0.0,0
6/13/2023 8:00,2.85,0.0,0
6/13/2023 9:00,2.876666667,0.0,0
6/13/2023 10:00,3.073333333,0.0,0
6/13/2023 11:00,3.095,0.0,0
6/13/2023 12:00,3.166666667,0.0,0
6/13/2023 13:00,3.055,0.0,0
6/13/2023 14:00,3.031666667,0.0,0
6/13/2023 15:00,2.876666667,0.0,0
6/13/2023 16:00,3.14,0.0,0
6/13/2023 17:00,2.978333333,0.0,0
6/13/2023 18:00,2.886666667,0.0,0
6/13/2023 19:00,3.021666667,0.0,0
6/13/2023 20:00,3.126,0.0,0
6/13/2023 21:00,3.273333333,0.0,0
6/13/2023 22:00,2.99,0.0,0
6/13/2023 23:00,2.888,0.0,0
6/14/2023 0:00,2.7,0.0,0
6/14/2023 1:00,2.721666667,0.0,0
6/14/2023 2:00,2.53,0.0,0
6/14/2023 3:00,2.416,0.0,0
6/14/2023 4:00,2.42,0.0,0
6/14/2023 5:00,2.41,0.0,0
6/14/2023 6:00,2.69,0.0,0
6/14/2023 7:00,3.001666667,0.0,0
6/14/2023 8:00,3.0,0.0,0
6/14/2023 9:00,2.938,0.0,0
6/14/2023 10:00,2.936666667,0.0,0
6/14/2023 11:00,3.086666667,0.0,0
6/14/2023 12:00,2.916666667,0.0,0
6/14/2023 13:00,3.075,0.0,0
6/14/2023 14:00,2.95,0.0,0
6/14/2023 15:00,2.94,0.0,0
6/14/2023 16:00,3.126666667,0.0,0
6/14/2023 17:00,2.918333333,0.0,0
6/14/2023 18:00,3.073333333,0.0,0
6/14/2023 19:00,2.98,0.0,0
6/14/2023 20:00,3.176666667,0.0,0
6/14/2023 21:00,3.0775,0.0,0
6/14/2023 22:00,3.126666667,0.0,0
6/14/2023 23:00,2.92,0.0,0
6/15/2023 0:00,2.906666667,0.0,0
6/15/2023 1:00,2.95,0.0,0
6/15/2023 2:00,2.77,0.0,0
6/15/2023 3:00,2.575,0.0,0
6/15/2023 4:00,2.563333333,0.0,0
6/15/2023 5:00,2.583333333,0.0,0
6/15/2023 6:00,2.771666667,0.0,0
6/15/2023 7:00,2.886666667,0.0,0
6/15/2023 8:00,3.086666667,0.0,0
6/15/2023 9:00,3.073333333,0.0,0
6/15/2023 10:00,3.118333333,0.0,0
6/15/2023 11:00,3.176,0.0,0
6/15/2023 12:00,3.158333333,0.0,0
6/15/2023 13:00,3.156666667,0.0,0
6/15/2023 14:00,3.146666667,0.0,0
6/15/2023 15:00,3.073333333,0.0,0
6/15/2023 16:00,3.116666667,0.0,0
6/15/2023 17:00,3.142,0.0,0
6/15/2023 18:00,3.352,0.0,0
6/15/2023 19:00,3.166666667,0.0,0
6/15/2023 20:00,3.356666667,0.0,0
6/15/2023 21:00,3.314,0.0,0
6/15/2023 22:00,3.21,0.0,0
6/15/2023 23:00,3.01,0.0,0
6/16/2023 0:00,2.918333333,0.0,0
6/16/2023 1:00,2.95,0.0,0
6/16/2023 2:00,2.843333333,0.0,0
6/16/2023 3:00,2.81,0.0,0
6/16/2023 4:00,2.76,0.0,0
6/16/2023 5:00,2.833333333,0.0,0
6/16/2023 6:00,2.95,0.0,0
6/16/2023 7:00,3.178,0.0,0
6/16/2023 8:00,3.02,0.0,0
6/16/2023 9:00,2.866666667,0.0,0
6/16/2023 10:00,3.002,0.0,0
6/16/2023 11:00,2.98,0.0,0
6/16/2023 12:00,2.906666667,0.0,0
6/16/2023 13:00,2.991666667,0.0,0
6/16/2023 14:00,2.853333333,0.0,0
6/16/2023 15:00,2.99,0.0,0
6/16/2023 16:00,2.98,0.0,0
6/16/2023 17:00,3.156666667,0.0,0
6/16/2023 18:00,2.928333333,0.0,0
6/16/2023 19:00,2.896666667,0.0,0
6/16/2023 20:00,3.092,0.0,0
6/16/2023 21:00,3.126666667,0.0,0
6/16/2023 22:00,3.19,0.0,0
6/16/2023 23:00,3.014,0.0,0
6/17/2023 0:00,2.898333333,0.0,0
6/17/2023 1:00,2.826,0.0,0
6/17/2023 2:00,2.813333333,0.0,0
6/17/2023 3:00,2.698333333,0.0,0
6/17/2023 4:00,2.728333333,0.0,0
6/17/2023 5:00,2.588,0.0,0
6/17/2023 6:00,2.69,0.0,0
6/17/2023 7:00,2.786,0.0,0
6/17/2023 8:00,2.875,0.0,0
6/17/2023 9:00,3.221666667,0.0,0
6/17/2023 10:00,3.085,0.0,0
6/17/2023 11:00,3.136666667,0.0,0
6/17/2023 12:00,3.115,0.0,0
6/17/2023 13:00,3.083333333,0.0,0
6/17/2023 14:00,2.97,0.0,0
6/17/2023 15:00,3.065,0.0,0
6/17/2023 16:00,3.106666667,0.0,0
6/17/2023 17:00,3.2,0.0,0
6/17/2023 18:00,3.002,0.0,0
6/17/2023 19:00,2.928333333,0.0,0
6/17/2023 20:00,3.01,0.0,0
6/17/2023 21:00,3.115,0.0,0
6/17/2023 22:00,3.202,0.0,0
6/17/2023 23:00,2.952,0.0,0
6/18/2023 0:00,2.8,0.0,0
6/18/2023 1:00,2.845,0.0,0
6/18/2023 2:00,2.691666667,0.0,0
6/18/2023 3:00,2.606666667,0.0,0
6/18/2023 4:00,2.5,0.0,0
6/18/2023 5:00,2.536,0.0,0
6/18/2023 6:00,2.52,0.0,0
6/18/2023 7:00,2.548,0.0,0
6/18/2023 8:00,2.593333333,0.0,0
6/18/2023 9:00,2.896666667,0.0,0
6/18/2023 10:00,3.135,0.0,0
6/18/2023 11:00,3.251666667,0.0,0
6/18/2023 12:00,3.2,0.0,0
6/18/2023 13:00,3.095,0.0,0
6/18/2023 14:00,3.125,0.0,0
6/18/2023 15:00,3.012,0.0,0
6/18/2023 16:00,2.993333333,0.0,0
6/18/2023 17:00,2.9,0.0,0
6/18/2023 18:00,3.031666667,0.0,0
6/18/2023 19:00,3.196666667,0.0,0
6/18/2023 20:00,3.166666667,0.0,0
6/18/2023 21:00,3.226,0.0,0
6/18/2023 22:00,3.17,0.0,0
6/18/2023 23:00,2.96,0.0,0
6/19/2023 0:00,2.981666667,0.0,0
6/19/2023 1:00,5.257739238799054,0.0,1
6/19/2023 2:00,2.65,0.0,0
6/19/2023 3:00,2.69,0.0,0
6/19/2023 4:00,2.783333333,0.0,0
6/19/2023 5:00,2.67,0.0,0
6/19/2023 6:00,2.876666667,0.0,0
6/19/2023 7:00,3.09,0.0,0
6/19/2023 8:00,3.0,0.0,0
6/19/2023 9:00,2.846666667,0.0,0
6/19/2023 10:00,2.886666667,0.0,0
6/19/2023 11:00,3.064,0.0,0
6/19/2023 12:00,3.041666667,0.0,0
6/19/2023 13:00,3.208333333,0.0,0
6/19/2023 14:00,2.94,0.0,0
6/19/2023 15:00,2.845,0.0,0
6/19/2023 16:00,2.99,0.0,0
6/19/2023 17:00,3.036,0.0,0
6/19/2023 18:00,3.178333333,0.0,0
6/19/2023 19:00,2.99,0.0,0
6/19/2023 20:00,3.24,0.0,0
6/19/2023 21:00,3.464,0.0,0
6/19/2023 22:00,3.241666667,0.0,0
6/19/2023 23:00,3.013333333,0.0,0
6/20/2023 0:00,2.918333333,0.0,0
6/20/2023 1:00,2.908333333,0.0,0
6/20/2023 2:00,2.791666667,0.0,0
6/20/2023 3:00,2.63,0.0,0
6/20/2023 4:00,2.68,0.0,0
6/20/2023 5:00,2.66,0.0,0
6/20/2023 6:00,2.898333333,0.0,0
6/20/2023 7:00,3.021666667,0.0,0
6/20/2023 8:00,3.01,0.0,0
6/20/2023 9:00,3.011666667,0.0,0
6/20/2023 10:00,3.105,0.0,0
6/20/2023 11:00,3.288,0.0,0
6/20/2023 12:00,3.418333333,0.0,0
6/20/2023 13:00,3.281666667,0.0,0
6/20/2023 14:00,3.156666667,0.0,0
6/20/2023 15:00,3.021666667,0.0,0
6/20/2023 16:00,3.093333333,0.0,0
6/20/2023 17:00,2.91,0.0,0
6/20/2023 18:00,3.055,0.0,0
6/20/2023 19:00,3.106666667,0.0,0
6/20/2023 20:00,3.015,0.0,0
6/20/2023 21:00,3.24,0.0,0
6/20/2023 22:00,3.148333333,0.0,0
6/20/2023 23:00,3.164,0.0,0
6/21/2023 0:00,2.845,0.0,0
6/21/2023 1:00,2.803333333,0.0,0
6/21/2023 2:00,2.865,0.0,0
6/21/2023 3:00,2.75,0.0,0
6/21/2023 4:00,2.63,0.0,0
6/21/2023 5:00,2.69,0.0,0
6/21/2023 6:00,2.825,0.0,0
6/21/2023 7:00,3.0475,0.0,0
6/21/2023 8:00,2.876666667,0.0,0
6/21/2023 9:00,2.876666667,0.0,0
6/21/2023 10:00,3.053333333,0.0,0
6/21/2023 11:00,3.055,0.0,0
6/21/2023 12:00,3.03,0.0,0
6/21/2023 13:00,3.041666667,0.0,0
6/21/2023 14:00,3.0,0.0,0
6/21/2023 15:00,3.202,0.0,0
6/21/2023 16:00,3.18,0.0,0
6/21/2023 17:00,3.126666667,0.0,0
6/21/2023 18:00,3.273333333,0.0,0
6/21/2023 19:00,3.333333333,0.0,0
6/21/2023 20:00,3.325,0.0,0
6/21/2023 21:00,4.898333333,0.32,0
6/21/2023 22:00,8.857305057343797,0.02,1
6/21/2023 23:00,6.783770441999522,0.0,1
6/22/2023 0:00,6.872107249760965,0.0,1
6/22/2023 1:00,3.356666667,0.0,0
6/22/2023 2:00,3.2,0.0,0
6/22/2023 3:00,3.128,0.0,0
6/22/2023 4:00,3.06,0.0,0
6/22/2023 5:00,3.076,0.0,0
6/22/2023 6:00,3.2,0.0,0
6/22/2023 7:00,3.3125,0.0,0
6/22/2023 8:00,3.19,0.0,0
6/22/2023 9:00,3.3,0.0,0
6/22/2023 10:00,3.301666667,0.0,0
6/22/2023 11:00,3.51,0.0,0
6/22/2023 12:00,3.333333333,0.0,0
6/22/2023 13:00,3.075,0.0,0
6/22/2023 14:00,3.15,0.0,0
6/22/2023 15:00,3.021666667,0.0,0
6/22/2023 16:00,3.053333333,0.0,0
6/22/2023 17:00,3.01,0.0,0
6/22/2023 18:00,3.076,0.0,0
6/22/2023 19:00,2.95,0.0,0
6/22/2023 20:00,3.316,0.0,0
6/22/2023 21:00,3.28,0.0,0
6/22/2023 22:00,3.356666667,0.0,0
6/22/2023 23:00,3.093333333,0.0,0
6/23/2023 0:00,2.906666667,0.0,0
6/23/2023 1:00,2.814,0.0,0
6/23/2023 2:00,2.845,0.0,0
6/23/2023 3:00,2.76,0.0,0
6/23/2023 4:00,2.68,0.0,0
6/23/2023 5:00,2.616666667,0.0,0
6/23/2023 6:00,2.96,0.0,0
6/23/2023 7:00,2.928333333,0.0,0
6/23/2023 8:00,3.033333333,0.0,0
6/23/2023 9:00,3.198333333,0.0,0
6/23/2023 10:00,3.073333333,0.0,0
6/23/2023 11:00,2.988,0.0,0
6/23/2023 12:00,3.073333333,0.0,0
6/23/2023 13:00,3.085,0.0,0
6/23/2023 14:00,3.24,0.0,0
6/23/2023 15:00,3.128333333,0.0,0
6/23/2023 16:00,3.18,0.0,0
6/23/2023 17:00,3.038,0.0,0
6/23/2023 18:00,3.145,0.0,0
6/23/2023 19:00,3.105,0.2,0
6/23/2023 20:00,5.705,0.08,0
6/23/2023 21:00,4.668333333,0.0,0
6/23/2023 22:00,3.888,0.0,0
6/23/2023 23:00,3.585,0.0,0
6/24/2023 0:00,3.44,0.0,0
6/24/2023 1:00,3.333333333,0.0,0
6/24/2023 2:00,3.148333333,0.0,0
6/24/2023 3:00,3.083333333,0.0,0
6/24/2023 4:00,3.02,0.0,0
6/24/2023 5:00,3.0,0.0,0
6/24/2023 6:00,3.01,0.0,0
6/24/2023 7:00,3.0,0.0,0
6/24/2023 8:00,2.856666667,0.0,0
6/24/2023 9:00,3.096666667,0.0,0
6/24/2023 10:00,3.136666667,0.0,0
6/24/2023 11:00,3.115,0.0,0
6/24/2023 12:00,3.146666667,0.0,0
6/24/2023 13:00,3.01,0.0,0
6/24/2023 14:00,2.95,0.0,0
6/24/2023 15:00,2.906666667,0.0,0
6/24/2023 16:00,3.043333333,0.0,0
6/24/2023 17:00,3.085,0.0,0
6/24/2023 18:00,2.952,0.0,0
6/24/2023 19:00,2.896666667,0.0,0
6/24/2023 20:00,2.864,0.0,0
6/24/2023 21:00,3.055,0.0,0
6/24/2023 22:00,2.938333333,0.0,0
6/24/2023 23:00,3.011666667,0.0,0
6/25/2023 0:00,2.952,0.0,0
6/25/2023 1:00,2.865,0.0,0
6/25/2023 2:00,2.802,0.0,0
6/25/2023 3:00,2.618333333,0.0,0
6/25/2023 4:00,2.561666667,0.0,0
6/25/2023 5:00,2.53,0.0,0
6/25/2023 6:00,2.845,0.0,0
6/25/2023 7:00,2.985,0.0,0
6/25/2023 8:00,3.095,0.0,0
6/25/2023 9:00,2.918333333,0.0,0
6/25/2023 10:00,3.01,0.0,0
6/25/2023 11:00,3.045,0.0,0
6/25/2023 12:00,3.03,0.0,0
6/25/2023 13:00,3.148333333,0.0,0
6/25/2023 14:00,2.916666667,0.0,0
6/25/2023 15:00,2.99,0.0,0
6/25/2023 16:00,3.105,0.0,0
6/25/2023 17:00,2.976,0.0,0
6/25/2023 18:00,2.928333333,0.0,0
6/25/2023 19:00,3.023333333,0.0,0
6/25/2023 20:00,3.095,0.0,0
6/25/2023 21:00,3.251666667,0.0,0
6/25/2023 22:00,3.162,0.0,0
6/25/2023 23:00,3.083333333,0.0,0
6/26/2023 0:00,2.866666667,0.0,0
6/26/2023 1:00,2.75,0.0,0
6/26/2023 2:00,2.63,0.0,0
6/26/2023 3:00,2.52,0.0,0
6/26/2023 4:00,2.5,0.0,0
6/26/2023 5:00,2.573333333,0.0,0
6/26/2023 6:00,2.781666667,0.0,0
6/26/2023 7:00,2.888333333,0.0,0
6/26/2023 8:00,3.0,0.0,0
6/26/2023 9:00,2.865,0.0,0
6/26/2023 10:00,2.93,0.0,0
6/26/2023 11:00,3.053333333,0.0,0
6/26/2023 12:00,2.926666667,0.0,0
6/26/2023 13:00,2.928333333,0.0,0
6/26/2023 14:00,3.01,0.0,0
6/26/2023 15:00,2.976,0.0,0
6/26/2023 16:00,2.95,0.0,0
6/26/2023 17:00,2.843333333,0.0,0
6/26/2023 18:00,2.906666667,0.0,0
6/26/2023 19:00,2.918333333,0.0,0
6/26/2023 20:00,3.152,0.0,0
6/26/2023 21:00,3.21,0.0,0
6/26/2023 22:00,3.154,0.0,0
6/26/2023 23:00,3.083333333,0.0,0
6/27/2023 0:00,2.94,0.0,0
6/27/2023 1:00,2.833333333,0.0,0
6/27/2023 2:00,2.63,0.0,0
6/27/2023 3:00,2.618333333,0.0,0
6/27/2023 4:00,2.561666667,0.0,0
6/27/2023 5:00,2.551666667,0.0,0
6/27/2023 6:00,2.72,0.0,0
